year,round_number,total_matches,matches_without_changes,matches_with_one_change,matches_with_multiple_changes,unknown_results,malformed_matches,total_snapshots
2010,1,13,10,3,0,0,0,16
2010,2,20,14,6,0,0,0,26
2010,3,23,21,2,0,0,0,25
2010,4,8,6,2,0,0,0,10
2010,5,30,25,5,0,0,0,35
2010,6,9,7,2,0,0,0,11
2010,7,24,20,4,0,0,0,28
2010,8,10,7,3,0,0,0,13
2010,9,28,22,6,0,0,0,34
2010,10,5,5,0,0,0,0,5
2010,11,32,27,5,0,0,0,37
2010,12,10,5,5,0,0,0,15
2010,13,22,16,6,0,0,0,28
2010,14,18,11,7,0,0,0,25
2010,15,28,25,3,0,0,0,31
2010,16,24,18,6,0,0,0,30
2010,17,36,36,0,0,0,0,36
2010,18,31,29,2,0,0,0,33
2010,19,33,30,3,0,0,0,36
2010,20,14,12,2,0,0,0,16
2010,21,34,31,3,0,0,0,37
2010,22,10,9,1,0,0,0,11
2010,23,35,31,4,0,0,0,39
2010,24,26,22,4,0,0,0,30
2010,25,35,32,3,0,0,0,38
2010,26,9,5,4,0,0,0,13
2010,27,37,32,5,0,0,0,42
2010,28,7,5,2,0,0,0,9
2010,29,33,28,5,0,0,0,38
2010,30,13,11,2,0,0,0,15
2010,31,34,30,4,0,0,0,38
2010,32,5,5,0,0,0,0,5
2010,33,36,35,1,0,0,0,37
2010,34,6,6,0,0,0,0,6
2010,35,35,32,3,0,0,0,38
2010,36,16,11,5,0,0,0,21
2010,37,36,31,5,0,0,0,41
2010,38,3,3,0,0,0,0,3
2010,39,22,18,4,0,0,0,26
2010,40,3,1,2,0,0,0,5
2010,41,7,1,6,0,0,0,13
2010,42,12,11,1,0,0,0,13
2010,43,19,15,4,0,0,0,23
2010,44,14,9,5,0,0,0,19
2010,45,14,9,5,0,0,0,19
2010,46,0,0,0,0,0,0,0
2010,47,6,3,3,0,0,0,9
2010,48,6,4,2,0,0,0,8
2010,49,6,2,4,0,0,0,10
2010,50,8,2,6,0,0,0,14
2010,51,4,0,4,0,0,0,8
2010,52,2,0,2,0,0,0,4
2010,53,4,1,3,0,0,0,7
2010,54,2,0,2,0,0,0,4
2010,55,4,1,3,0,0,0,7
2010,56,4,2,2,0,0,0,6
2010,57,6,3,3,0,0,1,9
2010,58,5,1,4,0,0,0,9
2010,59,8,3,5,0,0,0,13
2010,60,2,1,1,0,0,0,3
2010,61,7,2,5,0,0,0,12
2010,62,0,0,0,0,0,0,0
2010,63,7,3,4,0,0,0,11
2010,64,21,16,5,0,0,0,26
2010,65,16,5,11,0,0,0,27
2010,66,4,1,3,0,0,0,7
2010,67,18,11,7,0,0,0,25
2010,68,1,1,0,0,0,0,1
2010,69,35,26,9,0,0,0,44
2010,70,2,1,1,0,0,0,3
2010,71,11,3,8,0,0,0,19
2010,72,0,0,0,0,0,0,0
2010,73,33,27,6,0,0,0,39
2010,74,35,31,4,0,0,0,39
2010,75,35,25,10,0,0,0,45
2010,76,24,20,4,0,0,0,28
2010,77,36,30,6,0,0,0,42
2010,78,33,30,3,0,0,0,36
2010,79,36,35,1,0,0,0,37
2010,80,1,0,1,0,0,0,2
2010,81,12,5,7,0,0,0,19
2010,82,22,20,2,0,0,0,24
2010,83,34,30,4,0,0,0,38
2010,84,33,28,5,0,0,0,38
2010,85,29,29,0,0,0,0,29
2010,86,13,7,6,0,0,0,19
2010,87,34,31,3,0,0,0,37
2010,88,38,30,8,0,0,0,46
2010,89,40,32,8,0,0,0,48
2010,90,31,27,4,0,0,0,35
2010,91,34,32,2,0,0,0,36
2010,92,27,20,7,0,0,0,34
2010,93,30,28,2,0,0,0,32
2010,94,14,14,0,0,0,0,14
2010,95,29,21,8,0,0,0,37
2010,96,25,20,5,0,0,0,30
2010,97,26,21,5,0,0,0,31
2010,98,10,9,1,0,0,0,11
2010,99,28,23,5,0,0,0,33
2010,100,25,23,2,0,0,0,27
2010,101,21,17,4,0,0,0,25
2010,102,5,5,0,0,0,0,5
2010,103,7,3,4,0,0,0,11
2010,104,4,3,1,0,0,0,5
2011,1,15,13,2,0,0,0,17
2011,2,23,14,9,0,0,0,32
2011,3,23,20,3,0,0,0,26
2011,4,11,7,4,0,0,0,15
2011,5,33,31,2,0,0,0,35
2011,6,8,7,1,0,0,0,9
2011,7,31,26,5,0,0,0,36
2011,8,9,5,4,0,0,0,13
2011,9,24,15,9,0,0,0,33
2011,10,16,10,6,0,0,0,22
2011,11,30,29,1,0,0,0,31
2011,12,23,18,5,0,0,0,28
2011,13,28,27,1,0,0,0,29
2011,14,20,16,4,0,0,0,24
2011,15,22,22,0,0,0,0,22
2011,16,19,18,1,0,0,0,20
2011,17,26,25,1,0,0,0,27
2011,18,12,11,1,0,0,0,13
2011,19,35,35,0,0,0,0,35
2011,20,11,7,4,0,0,0,15
2011,21,29,27,2,0,0,0,31
2011,22,17,13,4,0,0,0,21
2011,23,38,37,1,0,0,0,39
2011,24,0,0,0,0,0,0,0
2011,25,27,25,2,0,0,0,29
2011,26,25,23,2,0,0,0,27
2011,27,37,31,6,0,0,0,43
2011,28,15,10,5,0,0,0,20
2011,29,36,32,4,0,0,0,40
2011,30,41,37,4,0,0,0,45
2011,31,13,11,2,0,0,0,15
2011,32,44,43,1,0,0,0,45
2011,33,4,2,2,0,0,0,6
2011,34,43,39,4,0,0,0,47
2011,35,11,9,2,0,0,0,13
2011,36,45,41,4,0,0,0,49
2011,37,16,12,4,0,0,0,20
2011,38,46,42,4,0,0,0,50
2011,39,1,0,1,0,0,0,2
2011,40,38,33,5,0,0,0,43
2011,41,3,2,1,0,0,0,4
2011,42,13,8,5,0,0,0,18
2011,43,7,5,2,0,0,0,9
2011,44,23,23,0,0,0,0,23
2011,45,16,15,1,0,0,0,17
2011,46,10,6,4,0,0,0,14
2011,47,0,0,0,0,0,0,0
2011,48,9,5,4,0,0,0,13
2011,49,3,3,0,0,0,0,3
2011,50,8,3,5,0,0,0,13
2011,51,4,1,3,0,0,0,7
2011,52,12,9,3,0,0,0,15
2011,53,1,1,0,0,0,0,1
2011,54,10,4,6,0,0,0,16
2011,55,10,7,3,0,0,0,13
2011,56,20,17,3,0,0,0,23
2011,57,1,1,0,0,0,0,1
2011,58,21,16,5,0,0,0,26
2011,59,10,9,1,0,0,0,11
2011,60,9,4,5,0,0,0,14
2011,61,0,0,0,0,0,0,0
2011,62,26,22,4,0,0,1,30
2011,63,23,19,4,0,0,0,27
2011,64,35,25,10,0,0,0,45
2011,65,8,4,4,0,0,0,12
2011,66,43,34,9,0,0,0,52
2011,67,14,8,6,0,0,0,20
2011,68,52,48,4,0,0,2,56
2011,69,4,4,0,0,0,0,4
2011,70,30,27,3,0,0,0,33
2011,71,1,1,0,0,0,0,1
2011,72,34,24,10,0,0,0,44
2011,73,58,49,9,0,0,1,67
2011,74,40,32,8,0,0,0,48
2011,75,64,55,9,0,0,0,73
2011,76,28,20,8,0,0,0,36
2011,77,58,54,4,0,0,0,62
2011,78,38,36,2,0,0,0,40
2011,79,57,52,5,0,0,0,62
2011,80,4,3,1,0,0,0,5
2011,81,29,19,10,0,0,1,39
2011,82,32,19,13,0,0,0,45
2011,83,69,68,1,0,0,0,70
2011,84,33,30,3,0,0,0,36
2011,85,73,68,5,0,0,0,78
2011,86,31,27,4,0,0,0,35
2011,87,62,60,2,0,0,0,64
2011,88,15,5,10,0,0,1,25
2011,89,27,21,6,0,0,0,33
2011,90,55,51,4,0,0,0,59
2011,91,0,0,0,0,0,0,0
2011,92,31,24,7,0,0,0,38
2011,93,29,18,11,0,0,0,40
2011,94,56,55,1,0,0,0,57
2011,95,18,11,7,0,0,0,25
2011,96,60,55,5,0,0,0,65
2011,97,24,20,4,0,0,0,28
2011,98,66,63,3,0,0,0,69
2011,99,16,11,5,0,0,1,21
2011,100,61,57,4,0,0,0,65
2011,101,13,9,4,0,0,0,17
2011,102,14,13,1,0,0,0,15
2011,103,64,61,3,0,0,0,67
2011,104,8,4,4,0,0,0,12
2011,105,33,28,5,0,0,0,38
2011,106,8,7,1,0,0,0,9
2011,107,10,2,8,0,0,0,18
2012,1,9,6,3,0,0,0,12
2012,2,10,9,1,0,0,0,11
2012,3,4,3,1,0,0,0,5
2012,4,12,4,8,0,0,0,20
2012,5,43,32,11,0,0,0,54
2012,6,6,3,3,0,0,0,9
2012,7,57,48,9,0,0,0,66
2012,8,8,3,5,0,0,0,13
2012,9,59,46,13,0,0,1,72
2012,10,22,5,17,0,0,0,39
2012,11,55,36,19,0,0,0,74
2012,12,13,5,8,0,0,0,21
2012,13,37,25,12,0,0,0,49
2012,14,20,8,12,0,0,0,32
2012,15,13,4,9,0,0,0,22
2012,16,14,6,8,0,0,0,22
2012,17,54,31,23,0,0,0,77
2012,18,15,2,13,0,0,0,28
2012,19,15,4,11,0,0,0,26
2012,20,63,33,30,0,0,1,93
2012,21,33,13,20,0,0,0,53
2012,22,70,39,31,0,0,0,101
2012,23,8,0,8,0,0,0,16
2012,24,16,2,14,0,0,0,30
2012,25,77,44,33,0,0,0,110
2012,26,5,0,5,0,0,0,10
2012,27,11,2,9,0,0,0,20
2012,28,74,35,39,0,0,0,113
2012,29,15,7,8,0,0,0,23
2012,30,23,8,15,0,0,0,38
2012,31,79,44,35,0,0,0,114
2012,32,6,1,5,0,0,0,11
2012,33,7,1,6,0,0,0,13
2012,34,78,49,29,0,0,0,107
2012,35,7,2,5,0,0,0,12
2012,36,15,7,8,0,0,0,23
2012,37,72,44,28,0,0,0,100
2012,38,51,44,7,0,0,0,58
2012,39,67,35,32,0,0,0,99
2012,40,7,1,6,0,0,0,13
2012,41,14,4,10,0,0,0,24
2012,42,80,46,34,0,0,0,114
2012,43,15,6,9,0,0,0,24
2012,44,81,51,30,0,0,0,111
2012,45,13,3,10,0,0,0,23
2012,46,50,40,10,0,0,0,60
2012,47,72,43,29,0,0,0,101
2012,48,10,5,5,0,0,0,15
2012,49,2,1,1,0,0,0,3
2012,50,64,31,33,0,0,0,97
2012,51,3,0,3,0,0,0,6
2012,52,9,2,7,0,0,0,16
2012,53,30,6,24,0,0,0,54
2012,54,1,0,1,0,0,0,2
2012,55,3,1,2,0,0,0,5
2012,56,37,16,21,0,0,0,58
2012,57,15,4,11,0,0,0,26
2012,58,20,4,16,0,0,0,36
2012,59,11,3,8,0,0,0,19
2012,60,27,6,21,0,0,0,48
2012,61,12,0,12,0,0,0,24
2012,62,12,3,9,0,0,0,21
2012,63,23,4,19,0,0,0,42
2012,64,4,0,4,0,0,0,8
2012,65,21,4,17,0,0,0,38
2012,66,0,0,0,0,0,0,0
2012,67,18,7,11,0,0,0,29
2012,68,18,2,16,0,0,0,34
2012,69,0,0,0,0,0,0,0
2012,70,0,0,0,0,0,0,0
2012,71,14,4,10,0,0,0,24
2012,72,3,0,3,0,0,0,6
2012,73,18,9,9,0,0,0,27
2012,74,0,0,0,0,0,0,0
2012,75,8,0,8,0,0,0,16
2012,76,0,0,0,0,0,0,0
2012,77,20,4,16,0,0,0,36
2012,78,26,8,18,0,0,0,44
2012,79,0,0,0,0,0,0,0
2012,80,8,2,6,0,0,0,14
2012,81,28,11,17,0,0,0,45
2012,82,2,0,2,0,0,0,4
2012,83,12,7,5,0,0,0,17
2012,84,46,24,22,0,0,0,68
2012,85,27,9,18,0,0,0,45
2012,86,58,40,18,0,0,0,76
2012,87,24,7,17,0,0,0,41
2012,88,78,49,29,0,0,0,107
2012,89,13,3,10,0,0,0,23
2012,90,72,49,23,0,0,0,95
2012,91,2,2,0,0,0,0,2
2012,92,34,18,16,0,0,0,50
2012,93,34,14,20,0,0,0,54
2012,94,78,45,33,0,0,0,111
2012,95,23,4,19,0,0,0,42
2012,96,24,13,11,0,0,0,35
2012,97,77,41,36,0,0,0,113
2012,98,37,14,23,0,0,0,60
2012,99,67,37,30,0,0,0,97
2012,100,128,74,54,0,0,0,182
2012,101,36,19,17,0,0,0,53
2012,102,116,47,69,0,0,0,185
2012,103,120,55,65,0,0,0,185
2012,104,101,46,55,0,0,0,156
2012,105,121,65,56,0,0,0,177
2012,106,110,60,50,0,0,0,160
2012,107,123,66,57,0,0,0,180
2012,108,117,59,58,0,0,0,175
2012,109,104,56,48,0,0,0,152
2012,110,91,47,44,0,0,0,135
2012,111,0,0,0,0,0,0,0
2013,1,15,9,6,0,0,0,21
2013,2,24,10,14,0,0,0,38
2013,3,8,6,2,0,0,0,10
2013,4,40,30,10,0,0,0,50
2013,5,13,9,4,0,0,0,17
2013,6,62,54,8,0,0,0,70
2013,7,14,10,4,0,0,0,18
2013,8,54,44,10,0,0,0,64
2013,9,22,14,8,0,0,0,30
2013,10,62,52,10,0,0,0,72
2013,11,37,32,5,0,0,0,42
2013,12,61,53,8,0,0,0,69
2013,13,24,12,12,0,0,0,36
2013,14,54,43,11,0,0,0,65
2013,15,24,9,15,0,0,0,39
2013,16,60,54,6,0,0,0,66
2013,17,38,29,9,0,0,0,47
2013,18,78,72,6,0,0,0,84
2013,19,16,8,8,0,0,0,24
2013,20,79,72,7,0,0,0,86
2013,21,29,22,7,0,0,0,36
2013,22,78,71,7,0,0,0,85
2013,23,6,1,5,0,0,0,11
2013,24,43,33,10,0,0,0,53
2013,25,26,22,4,0,0,0,30
2013,26,76,70,6,0,0,0,82
2013,27,37,31,6,0,0,0,43
2013,28,77,67,10,0,0,0,87
2013,29,33,20,13,0,0,0,46
2013,30,73,67,6,0,0,0,79
2013,31,19,14,5,0,0,0,24
2013,32,76,65,11,0,0,0,87
2013,33,32,21,11,0,0,0,43
2013,34,77,67,10,0,0,0,87
2013,35,28,17,11,0,0,0,39
2013,36,77,61,16,0,0,0,93
2013,37,20,10,10,0,0,0,30
2013,38,79,62,17,0,0,0,96
2013,39,20,12,5,3,0,0,31
2013,40,70,54,15,1,0,1,87
2013,41,16,13,3,0,0,0,19
2013,42,41,33,5,3,0,0,52
2013,43,6,3,2,1,0,1,10
2013,44,24,17,4,3,0,1,34
2013,45,9,4,4,1,0,0,15
2013,46,25,19,6,0,0,0,31
2013,47,17,12,4,1,0,0,23
2013,48,5,2,2,1,0,0,9
2013,49,9,5,1,3,0,0,16
2013,50,14,8,4,2,0,0,23
2013,51,3,0,2,1,0,0,7
2013,52,14,4,9,1,0,0,25
2013,53,6,2,3,1,0,0,11
2013,54,17,8,8,1,0,0,27
2013,55,9,6,3,0,0,0,12
2013,56,16,10,5,1,0,0,23
2013,57,16,6,9,1,0,0,27
2013,58,3,1,1,1,0,0,6
2013,59,1,1,0,0,0,0,1
2013,60,5,2,2,1,0,0,9
2013,61,16,10,6,0,0,0,22
2013,62,32,24,6,2,0,0,42
2013,63,0,0,0,0,0,0,0
2013,64,50,33,15,2,0,0,69
2013,65,34,26,3,5,0,0,48
2013,66,66,53,9,4,0,0,84
2013,67,20,10,6,4,0,0,34
2013,68,77,62,12,3,0,0,95
2013,69,31,24,5,2,0,0,40
2013,70,79,67,10,2,0,0,94
2013,71,0,0,0,0,0,0,0
2013,72,41,33,6,2,0,1,51
2013,73,38,26,11,1,0,0,51
2013,74,68,47,18,3,0,0,93
2013,75,48,37,7,4,0,0,65
2013,76,78,59,15,4,0,0,101
2013,77,43,25,14,4,0,0,65
2013,78,74,56,16,2,0,0,95
2013,79,47,30,13,4,0,0,70
2013,80,77,59,17,1,0,0,96
2013,81,7,1,5,1,0,0,14
2013,82,37,26,6,5,0,0,53
2013,83,42,30,7,5,0,0,59
2013,84,72,45,22,5,0,0,107
2013,85,43,20,13,10,0,0,82
2013,86,77,54,19,4,0,0,109
2013,87,41,23,11,7,0,0,69
2013,88,66,55,10,1,0,0,78
2013,89,31,29,1,1,0,0,34
2013,90,42,29,12,1,0,0,57
2013,91,32,29,3,0,0,0,35
2013,92,76,57,16,3,0,0,98
2013,93,49,38,8,3,0,0,63
2013,94,75,60,13,2,0,0,95
2013,95,29,19,7,3,0,0,43
2013,96,66,53,10,3,0,0,82
2013,97,41,25,12,4,0,0,62
2013,98,63,54,5,4,0,0,77
2013,99,24,16,8,0,0,0,32
2013,100,68,57,10,1,0,0,80
2013,101,17,9,6,2,0,0,27
2013,102,18,9,8,1,0,0,28
2013,103,0,0,0,0,0,0,0
2014,1,17,10,5,2,0,0,27
2014,2,25,11,11,3,0,0,42
2014,3,21,11,8,2,0,0,33
2014,4,41,20,18,3,0,0,66
2014,5,17,7,9,1,0,0,28
2014,6,52,34,12,6,0,0,78
2014,7,18,12,3,3,0,0,27
2014,8,52,38,12,2,0,0,68
2014,9,20,15,2,3,0,0,30
2014,10,61,46,11,4,0,0,80
2014,11,18,9,7,2,0,0,30
2014,12,58,44,12,2,0,0,74
2014,13,20,7,10,3,0,0,38
2014,14,56,46,4,6,0,0,74
2014,15,22,7,7,8,0,0,53
2014,16,62,50,11,1,0,0,75
2014,17,43,28,10,5,0,0,66
2014,18,72,62,9,1,0,0,84
2014,19,41,30,6,5,0,0,59
2014,20,76,61,13,2,0,0,93
2014,21,32,18,10,4,0,0,54
2014,22,75,62,11,2,0,0,90
2014,23,39,16,18,5,0,0,70
2014,24,73,60,12,1,0,0,87
2014,25,51,28,19,4,0,0,79
2014,26,74,56,14,4,0,0,98
2014,27,43,33,9,1,0,0,54
2014,28,74,57,16,1,0,0,92
2014,29,19,11,5,3,0,0,31
2014,30,73,52,17,4,0,0,98
2014,31,33,20,12,1,0,0,47
2014,32,66,48,15,3,0,0,87
2014,33,24,9,12,3,0,0,43
2014,34,76,50,24,2,0,0,105
2014,35,16,7,4,5,0,0,32
2014,36,73,49,20,4,0,0,102
2014,37,35,18,12,5,0,0,58
2014,38,71,57,11,3,0,0,88
2014,39,11,6,5,0,0,0,16
2014,40,45,29,14,2,0,0,63
2014,41,8,7,0,1,0,0,10
2014,42,9,3,3,3,0,0,19
2014,43,20,15,4,1,0,0,26
2014,44,27,21,5,1,0,0,34
2014,45,13,10,2,1,0,0,17
2014,46,16,16,0,0,0,0,16
2014,47,2,0,2,0,0,0,4
2014,48,11,4,5,2,0,0,20
2014,49,12,2,6,4,0,0,30
2014,50,9,2,4,3,0,0,20
2014,51,16,5,7,4,0,0,33
2014,52,4,0,1,3,0,0,14
2014,53,4,0,4,0,0,0,8
2014,54,10,2,5,3,0,0,22
2014,55,8,1,7,0,0,0,15
2014,56,8,0,3,5,0,0,24
2014,57,2,0,1,1,0,0,5
2014,58,15,6,3,6,0,0,32
2014,59,15,4,8,3,0,0,31
2014,60,9,2,2,5,0,0,24
2014,61,0,0,0,0,0,0,0
2014,62,17,5,6,6,0,0,37
2014,63,6,0,4,2,0,0,14
2014,64,40,26,11,3,0,0,58
2014,65,8,0,2,6,0,0,24
2014,66,48,32,12,4,0,0,69
2014,67,17,9,6,2,0,0,27
2014,68,67,44,21,2,0,0,92
2014,69,17,11,4,2,0,0,25
2014,70,79,63,13,3,0,0,98
2014,71,12,6,4,2,0,0,20
2014,72,30,12,16,2,0,0,50
2014,73,31,18,6,7,0,0,57
2014,74,80,55,19,6,0,0,115
2014,75,52,32,13,7,0,0,82
2014,76,81,62,15,4,0,0,105
2014,77,66,47,16,3,0,0,88
2014,78,83,60,16,7,0,0,115
2014,79,55,36,12,7,0,0,84
2014,80,79,61,16,2,0,0,99
2014,81,12,3,3,6,0,0,30
2014,82,41,22,13,6,0,0,68
2014,83,26,21,3,2,0,0,33
2014,84,76,49,19,8,0,0,113
2014,85,52,32,17,3,0,0,75
2014,86,79,62,13,4,0,0,101
2014,87,26,13,9,4,0,0,45
2014,88,74,56,15,3,0,0,95
2014,89,46,33,11,2,0,0,61
2014,90,71,46,21,4,0,0,177
2014,91,5,2,3,0,0,0,8
2014,92,39,23,8,8,0,0,67
2014,93,21,10,8,3,0,0,35
2014,94,73,55,13,5,0,0,97
2014,95,46,29,13,4,0,0,68
2014,96,75,50,21,4,0,0,105
2014,97,29,12,11,6,0,0,53
2014,98,70,48,14,8,0,0,102
2014,99,46,20,15,11,0,0,89
2014,100,63,43,15,5,0,0,90
2014,101,35,23,8,4,0,0,51
2014,102,62,37,20,5,0,0,92
2014,103,2,0,1,1,0,0,5
2014,104,26,8,7,11,0,0,61
2015,1,35,18,11,6,0,0,59
2015,2,24,9,14,1,0,0,40
2015,3,48,21,18,9,0,0,86
2015,4,28,14,8,6,0,0,50
2015,5,58,36,19,3,0,0,83
2015,6,26,12,9,5,0,0,48
2015,7,46,30,15,1,0,0,63
2015,8,17,4,7,6,0,0,40
2015,9,65,45,19,1,0,0,87
2015,10,24,14,6,4,0,0,39
2015,11,59,40,16,3,0,0,81
2015,12,17,11,4,2,0,0,26
2015,13,55,32,19,4,0,0,83
2015,14,21,8,8,5,0,0,40
2015,15,58,45,13,0,0,0,71
2015,16,40,21,15,4,0,0,66
2015,17,61,45,10,6,0,0,85
2015,18,39,22,14,3,0,0,61
2015,19,69,39,25,5,0,0,104
2015,20,16,5,7,4,0,0,32
2015,21,73,46,21,6,0,0,109
2015,22,41,19,11,11,0,0,79
2015,23,79,50,24,5,0,0,114
2015,24,4,2,0,2,0,0,8
2015,25,39,25,8,6,0,0,61
2015,26,18,9,8,1,0,0,28
2015,27,77,52,20,5,0,0,109
2015,28,53,37,11,5,0,0,78
2015,29,75,48,21,6,0,0,109
2015,30,22,8,9,5,0,0,42
2015,31,72,41,21,10,0,0,114
2015,32,33,8,16,9,0,0,68
2015,33,78,52,21,5,0,0,109
2015,34,35,22,8,5,0,0,54
2015,35,65,46,14,5,0,0,89
2015,36,34,13,12,9,0,0,70
2015,37,75,46,22,7,0,0,111
2015,38,9,3,3,3,0,0,19
2015,39,75,51,17,7,0,0,106
2015,40,21,5,9,7,0,0,48
2015,41,68,49,15,4,0,0,91
2015,42,17,8,4,5,0,0,35
2015,43,31,16,12,3,0,0,50
2015,44,16,5,8,3,0,0,30
2015,45,28,20,6,2,0,0,38
2015,46,24,11,4,9,0,0,48
2015,47,30,19,7,4,0,0,46
2015,48,25,12,8,5,0,0,43
2015,49,19,10,4,5,0,0,34
2015,50,0,0,0,0,0,0,0
2015,51,8,3,3,2,0,0,16
2015,52,12,5,3,4,0,0,28
2015,53,21,12,7,2,0,0,32
2015,54,15,8,6,1,0,0,23
2015,55,13,8,2,3,0,0,22
2015,56,7,3,4,0,0,0,11
2015,57,17,6,7,4,0,0,33
2015,58,9,5,1,3,0,0,16
2015,59,12,6,6,0,0,0,18
2015,60,2,0,0,2,0,0,12
2015,61,32,28,4,0,0,0,36
2015,62,26,19,4,3,0,0,36
2015,63,58,50,7,1,0,0,67
2015,64,19,14,2,3,0,0,31
2015,65,76,63,9,4,0,0,93
2015,66,16,6,8,2,0,0,31
2015,67,78,69,7,2,0,0,90
2015,68,25,23,1,1,0,0,28
2015,69,43,38,5,0,0,0,48
2015,70,46,42,4,0,0,0,50
2015,71,80,74,5,1,0,0,87
2015,72,48,38,7,3,0,0,61
2015,73,84,72,11,1,0,0,97
2015,74,60,49,7,4,0,0,78
2015,75,70,53,14,3,0,0,95
2015,76,47,33,9,5,0,0,68
2015,77,83,72,6,5,0,0,99
2015,78,35,18,4,13,0,0,69
2015,79,32,25,4,3,0,0,43
2015,80,43,31,9,3,0,0,58
2015,81,81,68,9,4,0,0,99
2015,82,46,31,8,7,0,0,69
2015,83,82,71,7,4,0,0,100
2015,84,30,24,4,2,0,0,40
2015,85,68,56,9,3,0,0,83
2015,86,45,30,8,7,0,0,70
2015,87,85,75,8,2,0,0,99
2015,88,18,14,2,2,0,0,25
2015,89,31,24,6,1,0,0,40
2015,90,35,28,5,2,0,0,45
2015,91,83,69,11,3,0,0,101
2015,92,44,31,8,5,0,0,62
2015,93,70,59,6,5,0,0,90
2015,94,23,9,10,4,0,0,43
2015,95,61,48,10,3,0,0,77
2015,96,43,27,7,9,0,0,72
2015,97,63,43,12,8,0,0,94
2015,98,24,10,9,5,0,0,47
2015,99,64,52,4,8,0,0,88
2015,100,1,1,0,0,0,0,1
2015,101,18,11,4,3,0,0,31
2015,102,26,17,9,0,0,0,35
2016,1,26,13,5,8,0,0,49
2016,2,20,10,6,4,0,0,36
2016,3,39,27,7,5,0,0,59
2016,4,29,16,5,8,0,0,60
2016,5,61,46,10,5,0,0,83
2016,6,24,11,8,5,0,0,43
2016,7,67,50,10,7,0,0,95
2016,8,22,15,4,3,0,0,33
2016,9,56,42,11,3,0,0,76
2016,10,39,26,10,3,0,0,56
2016,11,60,41,14,5,0,0,85
2016,12,13,5,2,6,0,0,30
2016,13,61,40,13,8,0,0,93
2016,14,23,11,5,7,0,0,49
2016,15,55,35,11,9,0,0,88
2016,16,31,16,8,7,0,0,55
2016,17,69,54,8,7,0,0,97
2016,18,53,36,9,8,0,0,78
2016,19,72,59,11,2,0,0,87
2016,20,17,6,6,5,0,0,36
2016,21,76,60,11,5,0,0,107
2016,22,25,5,9,11,0,0,70
2016,23,79,64,7,8,0,0,107
2016,24,28,16,7,5,0,0,47
2016,25,31,22,6,3,0,0,44
2016,26,37,28,5,4,0,0,51
2016,27,82,64,16,2,0,0,103
2016,28,27,9,6,12,0,0,64
2016,29,82,65,9,8,0,0,110
2016,30,24,7,12,5,0,0,48
2016,31,75,57,14,4,0,0,97
2016,32,63,40,11,12,0,0,103
2016,33,69,55,11,3,0,0,86
2016,34,15,5,6,4,0,0,29
2016,35,75,63,9,3,0,0,91
2016,36,41,31,6,4,0,0,62
2016,37,81,72,6,3,0,0,93
2016,38,19,13,3,3,0,0,31
2016,39,73,61,7,5,0,0,91
2016,40,18,6,10,2,0,0,34
2016,41,28,21,4,3,0,0,38
2016,42,24,14,6,4,0,0,44
2016,43,46,31,8,7,0,0,72
2016,44,24,13,7,4,0,0,42
2016,45,38,29,5,4,0,0,56
2016,46,23,18,4,1,0,0,29
2016,47,31,26,4,1,0,0,38
2016,48,26,19,2,5,0,0,40
2016,49,31,23,5,3,0,0,42
2016,50,17,8,6,3,0,0,30
2016,51,28,20,4,4,0,0,41
2016,52,13,5,3,5,0,0,35
2016,53,21,18,0,3,0,0,30
2016,54,4,2,2,0,0,0,6
2016,55,21,19,2,0,0,0,23
2016,56,13,12,1,0,0,0,14
2016,57,18,13,2,3,0,0,27
2016,58,8,1,4,3,0,0,19
2016,59,20,12,3,5,0,0,34
2016,60,5,2,0,3,0,0,12
2016,61,19,13,3,3,0,0,30
2016,62,12,9,0,3,0,0,20
2016,63,28,23,3,2,0,0,35
2016,64,20,11,5,4,0,0,37
2016,65,54,43,8,3,0,0,69
2016,66,25,22,2,1,0,0,30
2016,67,65,60,2,3,0,0,74
2016,68,19,16,3,0,0,0,22
2016,69,75,57,7,11,0,0,107
2016,70,27,15,7,5,0,0,44
2016,71,25,14,8,3,0,0,41
2016,72,35,25,5,5,0,0,50
2016,73,73,60,9,4,0,0,90
2016,74,48,40,5,3,0,0,61
2016,75,74,63,8,3,0,0,90
2016,76,57,34,13,10,0,0,94
2016,77,73,57,10,6,0,0,97
2016,78,51,33,8,10,0,0,82
2016,79,78,62,12,4,0,0,101
2016,80,27,21,6,0,0,0,33
2016,81,31,24,5,2,0,0,41
2016,82,30,20,0,10,0,0,61
2016,83,67,53,9,5,0,0,94
2016,84,50,30,14,6,0,0,81
2016,85,78,55,12,11,0,0,118
2016,86,26,17,6,3,0,0,42
2016,87,74,58,11,5,0,0,105
2016,88,60,45,7,8,0,0,86
2016,89,65,54,7,4,0,0,82
2016,90,8,4,2,2,0,0,16
2016,91,35,23,5,7,0,0,56
2016,92,26,19,2,5,0,0,41
2016,93,58,38,10,10,0,0,95
2016,94,43,29,5,9,0,0,74
2016,95,57,44,11,2,0,0,73
2016,96,24,12,4,8,0,0,47
2016,97,55,40,9,6,0,0,77
2016,98,45,37,4,4,0,0,58
2016,99,56,47,7,2,0,0,68
2016,100,26,20,4,2,0,0,35
2016,101,57,46,8,3,0,0,71
2016,102,33,20,8,5,0,0,51
2016,103,5,4,1,0,0,0,6
2016,104,12,7,1,4,0,0,21
2016,105,1,1,0,0,0,0,1
2017,1,10,6,4,0,0,0,14
2017,2,16,9,3,4,0,0,29
2017,3,24,20,3,1,0,0,29
2017,4,19,12,5,2,0,0,28
2017,5,53,48,4,1,0,0,61
2017,6,19,11,3,5,0,0,35
2017,7,63,60,2,1,0,0,67
2017,8,21,16,1,4,0,0,30
2017,9,54,47,4,3,0,0,64
2017,10,23,16,5,2,0,0,32
2017,11,57,51,5,1,0,0,64
2017,12,19,14,3,2,0,0,27
2017,13,55,45,10,0,0,0,65
2017,14,23,18,3,2,0,0,30
2017,15,48,40,5,3,0,0,60
2017,16,39,31,6,2,0,0,52
2017,17,64,60,4,0,0,0,68
2017,18,38,30,3,5,0,0,53
2017,19,76,66,8,2,0,0,89
2017,20,16,10,4,2,0,0,24
2017,21,73,60,10,3,0,0,90
2017,22,38,29,8,1,0,0,48
2017,23,78,70,6,2,0,0,88
2017,24,17,10,5,2,0,0,26
2017,25,34,28,4,2,0,0,43
2017,26,26,19,6,1,0,0,34
2017,27,75,66,5,4,0,0,93
2017,28,47,40,3,4,0,0,59
2017,29,76,68,6,2,0,0,86
2017,30,32,21,6,5,0,0,49
2017,31,75,67,4,4,0,0,88
2017,32,16,6,3,7,0,0,39
2017,33,74,57,10,7,0,0,102
2017,34,43,29,7,7,0,0,66
2017,35,68,51,14,3,0,0,90
2017,36,26,14,6,6,0,0,49
2017,37,73,63,4,6,0,0,94
2017,38,29,19,6,4,0,0,46
2017,39,78,65,4,9,0,0,111
2017,40,16,8,1,7,0,0,41
2017,41,70,53,12,5,0,0,96
2017,42,17,8,2,7,0,0,34
2017,43,31,16,6,9,0,0,59
2017,44,19,10,4,5,0,0,34
2017,45,22,15,6,1,0,0,30
2017,46,21,15,3,3,0,0,31
2017,47,31,27,1,3,0,0,39
2017,48,16,12,3,1,0,0,21
2017,49,21,15,4,2,0,0,29
2017,50,13,10,2,1,0,0,18
2017,51,22,14,3,5,0,0,35
2017,52,13,10,1,2,0,0,20
2017,53,21,13,1,7,0,0,40
2017,54,4,0,2,2,0,0,11
2017,55,17,9,6,2,0,0,28
2017,56,9,4,3,2,0,0,17
2017,57,9,3,3,3,0,0,18
2017,58,8,3,3,2,0,0,16
2017,59,10,8,1,1,0,0,13
2017,60,4,0,2,2,0,0,12
2017,61,11,10,1,0,0,0,12
2017,62,6,4,1,1,0,0,10
2017,63,33,29,1,3,0,0,40
2017,64,14,9,4,1,0,0,20
2017,65,48,36,12,0,0,0,60
2017,66,13,8,3,2,0,0,20
2017,67,75,61,13,1,0,0,90
2017,68,22,13,5,4,0,0,35
2017,69,72,59,11,2,0,0,88
2017,70,21,14,6,1,0,0,29
2017,71,33,23,7,3,0,0,50
2017,72,30,20,5,5,0,0,49
2017,73,75,59,14,2,0,0,93
2017,74,46,39,2,5,0,0,60
2017,75,77,73,4,0,0,0,81
2017,76,46,40,3,3,0,0,55
2017,77,76,63,7,6,0,0,96
2017,78,46,31,10,5,0,0,67
2017,79,77,64,13,0,0,0,90
2017,80,16,12,4,0,0,0,20
2017,81,39,28,8,3,0,0,55
2017,82,25,20,4,1,0,0,32
2017,83,75,64,9,2,0,0,90
2017,84,45,29,10,6,0,0,69
2017,85,76,66,7,3,0,0,89
2017,86,35,26,4,5,0,0,50
2017,87,74,54,15,5,0,0,99
2017,88,44,31,10,3,0,0,61
2017,89,65,44,17,4,0,0,91
2017,90,7,2,4,1,0,0,13
2017,91,16,11,5,0,0,0,21
2017,92,21,14,6,1,0,0,29
2017,93,30,22,4,4,0,0,43
2017,94,65,58,4,3,0,0,76
2017,95,44,33,8,3,0,0,58
2018,1,19,15,4,0,0,0,23
2018,2,24,19,4,1,0,0,30
2018,3,20,11,9,0,0,0,29
2018,4,45,38,6,1,0,0,53
2018,5,25,22,3,0,0,0,28
2018,6,59,51,8,0,0,0,67
2018,7,18,9,7,2,0,0,29
2018,8,54,46,7,1,0,0,63
2018,9,23,17,6,0,0,0,29
2018,10,55,41,14,0,0,0,69
2018,11,20,15,5,0,0,0,25
2018,12,57,50,7,0,0,0,64
2018,13,38,37,1,0,0,0,39
2018,14,47,40,6,1,0,0,55
2018,15,41,24,12,5,0,0,65
2018,16,63,54,9,0,0,0,72
2018,17,25,20,3,2,0,0,32
2018,18,66,59,6,1,0,0,75
2018,19,36,22,11,3,0,0,55
2018,20,75,63,9,3,0,0,90
2018,21,39,34,2,3,0,0,48
2018,22,76,58,14,4,0,0,100
2018,23,2,0,1,1,0,0,5
2018,24,28,21,5,2,0,0,40
2018,25,32,27,4,1,0,0,38
2018,26,76,67,6,3,0,0,88
2018,27,40,31,6,3,0,0,53
2018,28,76,69,6,1,0,0,84
2018,29,25,18,6,1,0,0,34
2018,30,75,62,10,3,0,0,91
2018,31,61,46,12,3,0,0,81
2018,32,64,55,9,0,0,0,73
2018,33,23,20,2,1,0,0,27
2018,34,76,72,4,0,0,0,80
2018,35,21,19,2,0,0,0,23
2018,36,76,74,2,0,0,0,78
2018,37,27,25,2,0,0,0,29
2018,38,68,64,3,1,0,0,73
2018,39,18,18,0,0,0,0,18
2018,40,51,50,1,0,0,0,52
2018,41,2,2,0,0,0,0,2
2018,42,4,3,1,0,0,0,5
2018,43,15,13,2,0,0,0,17
2018,44,23,22,1,0,0,0,24
2018,45,15,13,2,0,0,0,17
2018,46,20,19,1,0,0,0,21
2018,47,5,5,0,0,0,0,5
2018,48,10,7,2,1,0,0,15
2018,49,12,11,1,0,0,0,13
2018,50,9,7,2,0,0,0,11
2018,51,16,13,2,1,0,0,20
2018,52,9,6,3,0,0,0,12
2018,53,5,4,1,0,0,0,6
2018,54,13,13,0,0,0,0,13
2018,55,11,8,3,0,0,0,14
2018,56,11,3,4,4,0,0,23
2018,57,17,13,4,0,0,0,21
2018,58,20,16,4,0,0,0,24
2018,59,5,3,1,1,0,0,8
2018,60,15,12,3,0,0,0,18
2018,61,3,3,0,0,0,0,3
2018,62,49,44,4,1,0,0,55
2018,63,19,18,1,0,0,0,20
2018,64,61,50,7,4,0,0,76
2018,65,21,12,6,3,0,0,35
2018,66,72,66,5,1,0,0,79
2018,67,17,15,2,0,0,0,19
2018,68,75,72,3,0,0,0,78
2018,69,19,16,3,0,0,0,22
2018,70,39,29,6,4,0,0,54
2018,71,25,21,4,0,0,0,29
2018,72,75,69,6,0,0,0,81
2018,73,48,40,4,4,0,0,61
2018,74,78,60,15,3,0,0,100
2018,75,51,46,5,0,0,0,56
2018,76,73,60,12,1,0,0,87
2018,77,25,20,5,0,0,0,30
2018,78,50,41,6,3,0,0,63
2018,79,12,7,3,2,0,0,20
2018,80,31,20,8,3,0,0,45
2018,81,25,19,4,2,0,0,33
2018,82,47,35,9,3,0,0,62
2018,83,22,16,4,2,0,0,30
2018,84,48,25,15,8,0,0,80
2018,85,18,12,3,3,0,0,31
2018,86,51,40,10,1,0,0,63
2018,87,15,8,4,3,0,0,27
2018,88,27,18,7,2,0,0,39
2018,89,28,26,2,0,0,0,30
2018,90,42,33,7,2,0,0,53
2018,91,46,39,6,1,0,0,55
2018,92,43,33,8,2,0,0,55
2018,93,21,16,5,0,0,0,26
2018,94,39,28,10,1,0,0,51
2018,95,19,12,4,3,0,0,30
2018,96,38,27,10,1,0,0,50
2018,97,19,7,10,2,0,0,34
2018,98,40,27,6,7,0,0,65
2018,99,20,13,4,3,0,0,33
2018,100,20,10,6,4,0,0,36
2019,1,12,7,2,3,0,0,21
2019,2,15,7,4,4,0,0,27
2019,3,28,19,4,5,0,0,44
2019,4,40,29,6,5,0,0,58
2019,5,29,21,5,3,0,0,40
2019,6,58,50,8,0,0,0,66
2019,7,25,16,3,6,0,0,44
2019,8,51,37,12,2,0,0,67
2019,9,25,16,8,1,0,0,35
2019,10,52,42,5,5,0,0,67
2019,11,16,12,3,1,0,0,21
2019,12,55,37,18,0,0,0,73
2019,13,24,15,7,2,0,0,35
2019,14,46,34,8,4,0,0,62
2019,15,26,21,4,1,0,0,32
2019,16,63,55,6,2,0,0,73
2019,17,21,13,5,3,0,0,33
2019,18,74,62,10,2,0,0,88
2019,19,37,30,5,2,0,0,47
2019,20,75,65,8,2,0,0,87
2019,21,38,33,5,0,0,0,43
2019,22,77,66,10,1,0,0,89
2019,23,13,11,2,0,0,0,15
2019,24,31,24,5,2,0,0,40
2019,25,24,23,1,0,0,0,25
2019,26,75,68,7,0,0,0,82
2019,27,50,49,0,1,0,0,52
2019,28,74,62,6,6,0,0,92
2019,29,33,27,4,2,0,0,41
2019,30,75,68,6,1,0,0,84
2019,31,19,15,3,1,0,0,24
2019,32,73,64,9,0,0,0,82
2019,33,53,49,4,0,0,0,57
2019,34,64,57,5,2,0,0,73
2019,35,16,12,3,1,0,0,21
2019,36,66,58,7,1,0,0,75
2019,37,28,21,6,1,0,0,38
2019,38,76,71,5,0,0,0,81
2019,39,14,6,6,2,0,0,24
2019,40,47,38,9,0,0,0,56
2019,41,18,9,3,6,0,0,38
2019,42,29,23,4,2,0,0,39
2019,43,10,5,3,2,0,0,17
2019,44,8,6,2,0,0,0,10
2019,45,6,6,0,0,0,0,6
2019,46,30,23,6,1,0,0,38
2019,47,23,18,2,3,0,0,32
2019,48,6,4,0,2,0,0,10
2019,49,4,1,2,1,0,0,8
2019,50,5,4,0,1,0,0,7
2019,51,4,2,0,2,0,0,9
2019,52,6,5,1,0,0,0,7
2019,53,4,4,0,0,0,0,4
2019,54,6,5,1,0,0,0,7
2019,55,6,2,4,0,0,0,10
2019,56,6,3,2,1,0,0,10
2019,57,0,0,0,0,0,0,0
2019,58,6,4,0,2,0,0,11
2019,59,1,1,0,0,0,0,1
2019,60,1,1,0,0,0,0,1
2019,61,6,3,3,0,0,0,9
2019,62,18,14,3,1,0,0,23
2019,63,4,4,0,0,0,0,4
2019,64,35,33,2,0,0,0,37
2019,65,5,5,0,0,0,0,5
2019,66,53,49,4,0,0,0,57
2019,67,7,6,1,0,0,0,8
2019,68,57,52,4,1,0,0,64
2019,69,15,14,0,1,0,0,17
2019,70,64,62,1,1,0,0,67
2019,71,21,16,4,1,0,0,27
2019,72,21,17,4,0,0,0,25
2019,73,48,43,3,2,0,0,55
2019,74,61,58,2,1,0,0,65
2019,75,41,36,5,0,0,0,46
2019,76,62,51,11,0,0,0,73
2019,77,48,39,4,5,0,0,64
2019,78,63,61,1,1,0,0,67
2019,79,24,22,2,0,0,0,26
2019,80,27,20,6,1,0,0,35
2019,81,33,25,6,2,0,0,44
2019,82,62,56,4,2,0,0,70
2019,83,44,39,3,2,0,0,52
2019,84,63,53,8,2,0,0,75
2019,85,35,32,2,1,0,0,40
2019,86,62,58,3,1,0,0,69
2019,87,42,40,2,0,0,0,44
2019,88,60,55,4,1,0,0,66
2019,89,21,18,2,1,0,0,26
2019,90,23,20,3,0,0,0,26
2019,91,31,27,3,1,0,0,36
2019,92,63,58,5,0,0,0,68
2019,93,42,29,10,3,0,0,60
2019,94,61,54,6,1,0,0,69
2019,95,25,24,1,0,0,0,26
2019,96,58,54,3,1,0,0,64
2019,97,43,32,10,1,0,0,55
2019,98,60,57,3,0,0,0,63
2019,99,33,25,5,3,0,0,45
2019,100,58,55,2,1,0,0,62
2019,101,9,9,0,0,0,0,9
2019,102,11,9,2,0,0,0,13
2019,103,0,0,0,0,0,0,0
2020,1,10,10,0,0,0,0,10
2020,2,18,16,1,1,0,0,21
2020,3,21,16,3,2,0,0,30
2020,4,38,35,2,1,0,0,42
2020,5,20,12,3,5,0,0,43
2020,6,53,50,3,0,0,0,56
2020,7,21,20,1,0,0,0,22
2020,8,52,52,0,0,0,0,52
2020,9,12,7,4,1,0,0,20
2020,10,57,57,0,0,0,0,57
2020,11,21,20,1,0,0,0,22
2020,12,46,44,2,0,0,0,48
2020,13,24,16,5,3,0,0,38
2020,14,51,48,2,1,0,0,55
2020,15,36,25,10,1,0,0,51
2020,16,52,51,1,0,0,0,53
2020,17,21,19,2,0,0,0,23
2020,18,50,47,2,1,0,0,55
2020,19,14,10,2,2,0,0,22
2020,20,51,51,0,0,0,0,51
2020,21,14,11,3,0,0,0,17
2020,22,0,0,0,0,0,0,0
2020,23,0,0,0,0,0,0,0
2020,24,11,11,0,0,0,0,11
2020,25,0,0,0,0,0,0,0
2020,26,19,19,0,0,0,0,19
2020,27,1,1,0,0,0,0,1
2020,28,20,20,0,0,0,0,20
2020,29,14,12,2,0,0,0,16
2020,30,19,18,1,0,0,0,20
2020,31,2,2,0,0,0,0,2
2020,32,15,14,1,0,0,0,16
2020,33,3,3,0,0,0,0,3
2020,34,30,27,2,1,0,0,35
2020,35,29,27,2,0,0,0,31
2020,36,42,41,1,0,0,0,43
2020,37,32,32,0,0,0,0,32
2020,38,45,41,3,1,0,0,50
2020,39,47,42,5,0,0,0,52
2020,40,44,38,4,2,0,0,52
2020,41,52,48,4,0,0,0,56
2020,42,50,48,2,0,0,0,52
2020,43,50,45,3,2,0,0,57
2020,44,39,35,4,0,0,0,43
2020,45,51,46,5,0,0,0,56
2020,46,23,18,3,2,0,0,32
2020,47,40,34,2,4,0,0,50
2020,48,22,18,2,2,0,0,28
2020,49,28,19,7,2,0,0,39
2020,50,20,16,2,2,0,0,26
2020,51,27,24,3,0,0,0,30
2020,52,17,11,5,1,0,0,24
2020,53,12,9,3,0,0,0,15
2020,54,32,23,8,1,0,0,42
2020,55,18,13,5,0,0,0,23
2020,56,4,3,1,0,0,0,5
2020,57,43,31,10,2,0,0,57
2020,58,32,21,11,0,0,0,43
2020,59,65,40,20,5,0,0,95
2020,60,39,22,13,4,0,0,62
2020,61,65,37,24,4,0,0,98
2020,62,33,14,13,6,0,0,60
2020,63,95,67,25,3,0,0,128
2020,64,58,33,18,7,0,0,91
2020,65,94,59,31,4,0,0,133
2020,66,35,17,14,4,0,0,57
2020,67,87,58,27,2,0,0,118
2020,68,40,19,18,3,0,0,64
2020,69,54,32,16,6,0,0,84
2020,70,54,30,18,6,0,0,85
2020,71,91,72,16,3,0,0,114
2020,72,56,29,19,8,0,0,93
2020,73,86,66,20,0,0,0,106
2020,74,70,42,24,4,0,0,103
2020,75,84,55,27,2,0,0,115
2020,76,62,40,18,4,0,0,89
2020,77,85,49,35,1,0,0,122
2020,78,34,13,12,9,0,0,66
2020,79,40,20,20,0,0,0,60
2020,80,40,11,22,7,0,0,81
2020,81,74,42,28,4,0,0,111
2020,82,65,40,19,6,0,0,97
2020,83,68,34,32,2,0,0,104
2020,84,63,32,23,8,0,0,103
2020,85,66,41,21,4,0,0,97
2020,86,48,23,22,3,0,0,78
2020,87,68,46,20,2,0,0,92
2020,88,51,27,23,1,0,0,76
2020,89,67,48,18,1,0,0,87
2020,90,47,24,23,0,0,0,70
2020,91,13,2,8,3,0,0,27
2020,92,16,8,8,0,0,0,24
2021,1,38,21,17,0,0,0,55
2021,2,26,16,9,1,0,0,37
2021,3,47,28,18,1,0,0,67
2021,4,26,10,16,0,0,0,42
2021,5,45,28,15,2,0,0,65
2021,6,23,10,12,1,0,0,37
2021,7,27,7,19,1,0,0,48
2021,8,56,36,20,0,0,0,76
2021,9,31,14,16,1,0,0,50
2021,10,53,33,17,3,0,0,77
2021,11,21,6,15,0,0,0,36
2021,12,53,27,26,0,0,0,79
2021,13,29,11,17,1,0,0,48
2021,14,56,33,22,1,0,0,80
2021,15,28,10,16,2,0,0,48
2021,16,74,55,19,0,0,0,93
2021,17,46,22,22,2,0,0,72
2021,18,65,30,32,3,0,0,104
2021,19,37,14,23,0,0,0,60
2021,20,76,47,27,2,0,0,107
2021,21,31,11,15,5,0,0,57
2021,22,75,46,28,1,0,0,105
2021,23,23,13,7,3,0,0,38
2021,24,31,21,10,0,0,0,41
2021,25,24,15,8,1,0,0,34
2021,26,76,51,24,1,0,0,103
2021,27,32,10,20,2,0,0,56
2021,28,74,55,18,1,0,0,94
2021,29,34,10,19,5,0,0,65
2021,30,89,57,26,6,0,0,127
2021,31,63,36,21,6,0,0,97
2021,32,94,61,31,2,0,0,130
2021,33,35,20,13,2,0,0,52
2021,34,83,64,18,1,0,0,103
2021,35,23,15,8,0,0,0,31
2021,36,85,63,21,1,0,0,109
2021,37,56,32,21,3,0,0,83
2021,38,85,63,22,0,0,0,107
2021,39,30,13,14,3,0,0,50
2021,40,83,56,24,3,0,0,113
2021,41,18,9,8,1,0,0,28
2021,42,38,23,13,2,0,0,56
2021,43,30,12,14,4,0,0,53
2021,44,34,9,18,7,0,0,66
2021,45,20,10,10,0,0,0,30
2021,46,26,11,14,1,0,0,42
2021,47,23,8,11,4,0,0,43
2021,48,38,18,17,3,0,0,61
2021,49,40,14,17,9,0,0,81
2021,50,39,11,22,6,0,0,75
2021,51,24,7,12,5,0,0,46
2021,52,40,20,15,5,0,0,66
2021,53,33,14,12,7,0,0,65
2021,54,25,9,9,7,0,0,48
2021,55,12,3,3,6,0,0,28
2021,56,27,13,11,3,0,0,45
2021,57,34,16,13,5,0,0,59
2021,58,35,13,17,5,0,0,64
2021,59,15,6,8,1,0,0,25
2021,60,29,15,12,2,0,0,45
2021,61,22,7,8,7,0,0,44
2021,62,39,19,18,2,0,0,61
2021,63,21,9,11,1,0,0,34
2021,64,77,51,24,2,0,0,105
2021,65,39,14,19,6,0,0,72
2021,66,81,50,30,1,0,0,113
2021,67,40,7,28,5,0,0,78
2021,68,90,54,35,1,0,0,127
2021,69,47,18,24,5,0,0,81
2021,70,53,25,21,7,0,0,88
2021,71,42,16,15,11,0,0,82
2021,72,82,50,30,2,0,0,116
2021,73,73,35,31,7,0,0,119
2021,74,89,46,40,3,0,0,135
2021,75,59,34,24,1,0,0,85
2021,76,88,51,34,3,0,0,128
2021,77,67,25,35,7,0,0,117
2021,78,92,57,35,0,0,0,127
2021,79,20,5,11,4,0,0,40
2021,80,47,20,22,5,0,0,79
2021,81,40,20,18,2,0,0,62
2021,82,81,53,27,1,0,1,110
2021,83,66,30,32,4,0,0,106
2021,84,91,53,35,3,0,0,132
2021,85,50,23,21,6,0,0,83
2021,86,76,55,21,0,0,0,97
2021,87,72,38,32,2,0,0,108
2021,88,88,52,35,1,0,0,125
2021,89,21,10,9,2,0,0,36
2021,90,31,13,15,3,0,0,52
2021,91,29,16,9,4,0,0,46
2021,92,77,49,26,2,0,0,107
2021,93,56,22,33,1,0,0,91
2021,94,80,60,19,1,0,0,101
2021,95,44,23,18,3,0,0,68
2021,96,85,51,27,7,0,0,126
2021,97,61,36,22,3,0,0,90
2021,98,69,44,25,0,0,0,94
2021,99,28,8,17,3,0,0,51
2021,100,50,24,25,1,0,0,77
2021,101,36,20,15,1,0,0,53
2021,102,8,4,3,1,0,0,13
2021,103,8,6,2,0,0,0,10
2022,1,17,4,11,2,0,0,34
2022,2,12,5,6,1,0,0,20
2022,3,38,24,12,2,0,0,54
2022,4,26,7,14,5,0,0,50
2022,5,59,30,26,3,0,0,91
2022,6,41,23,17,1,0,0,60
2022,7,65,39,22,4,0,0,95
2022,8,22,5,11,6,0,0,45
2022,9,18,4,10,4,0,0,36
2022,10,25,9,12,4,0,0,46
2022,11,58,37,19,2,0,0,81
2022,12,31,19,10,2,0,0,45
2022,13,64,46,18,0,0,0,82
2022,14,27,14,11,2,0,0,42
2022,15,80,51,22,7,0,0,116
2022,16,38,14,22,2,0,0,64
2022,17,92,59,27,6,0,0,131
2022,18,32,6,22,4,0,0,64
2022,19,93,75,17,1,0,0,112
2022,20,28,14,13,1,0,0,43
2022,21,93,51,37,5,0,0,141
2022,22,34,18,11,5,0,0,56
2022,23,94,65,27,2,0,0,126
2022,24,22,8,11,3,0,0,40
2022,25,43,23,16,4,0,0,69
2022,26,44,24,13,7,0,0,76
2022,27,94,66,25,3,0,0,126
2022,28,45,20,21,4,0,0,74
2022,29,103,69,29,5,0,0,142
2022,30,37,15,18,4,0,0,68
2022,31,87,56,26,5,0,0,125
2022,32,65,43,18,4,0,0,91
2022,33,97,67,26,4,0,0,132
2022,34,43,20,17,6,0,0,73
2022,35,83,61,20,2,0,0,108
2022,36,34,16,12,6,0,0,61
2022,37,92,61,25,6,0,0,130
2022,38,40,22,14,4,0,0,62
2022,39,90,59,28,3,0,0,124
2022,40,41,17,19,5,0,0,70
2022,41,79,46,28,5,0,0,118
2022,42,20,6,10,4,0,0,41
2022,43,38,21,15,2,0,0,57
2022,44,27,11,12,4,0,0,49
2022,45,50,27,18,5,0,0,79
2022,46,55,16,26,13,0,0,116
2022,47,55,33,18,4,0,0,81
2022,48,40,14,23,3,0,0,71
2022,49,36,15,16,5,0,0,62
2022,50,16,2,9,5,0,0,35
2022,51,33,16,16,1,0,0,52
2022,52,15,6,6,3,0,0,27
2022,53,30,15,12,3,0,0,48
2022,54,23,10,10,3,0,0,39
2022,55,32,19,12,1,0,0,47
2022,56,16,4,10,2,0,0,31
2022,57,31,16,12,3,0,0,49
2022,58,7,4,0,3,0,0,15
2022,59,20,10,7,3,0,0,34
2022,60,10,2,4,4,0,0,26
2022,61,36,19,13,4,0,0,57
2022,62,23,5,13,5,0,0,47
2022,63,69,48,17,4,0,0,94
2022,64,13,3,8,2,0,0,25
2022,65,80,50,30,0,0,0,110
2022,66,38,15,16,7,0,0,69
2022,67,79,54,19,6,0,0,111
2022,68,26,8,16,2,0,0,47
2022,69,87,60,23,4,0,0,118
2022,70,57,34,19,4,0,0,84
2022,71,85,58,24,3,0,0,115
2022,72,17,7,7,3,0,0,31
2022,73,51,42,6,3,0,0,63
2022,74,81,50,30,1,0,0,113
2022,75,74,40,25,9,0,0,117
2022,76,89,71,16,2,0,0,110
2022,77,16,5,8,3,0,0,33
2022,78,46,24,18,4,0,0,73
2022,79,35,25,9,1,0,0,46
2022,80,89,72,17,0,0,0,106
2022,81,58,37,16,5,0,0,84
2022,82,94,69,23,2,0,0,121
2022,83,62,39,22,1,0,0,86
2022,84,77,57,18,2,0,0,99
2022,85,32,12,19,1,0,0,53
2022,86,71,44,26,1,0,0,99
2022,87,54,33,20,1,0,0,77
2022,88,73,53,17,3,0,0,98
2022,89,51,33,16,2,0,0,72
2022,90,73,52,19,2,0,0,96
2022,91,39,23,14,2,0,0,57
2022,92,55,35,18,2,0,0,78
2022,93,20,5,10,5,0,0,42
2022,94,16,8,7,1,0,0,26
2022,95,7,5,2,0,0,0,9
2022,96,8,4,3,1,0,0,16
2022,97,12,4,8,0,0,0,20
2022,98,8,4,4,0,0,0,12
2022,99,8,5,3,0,0,0,11
2022,100,8,2,3,3,0,0,19
2022,101,4,2,1,1,0,0,8
2022,102,10,4,3,3,0,0,19
2022,103,2,0,1,1,0,0,5
2022,104,7,5,1,1,0,0,10
2022,105,3,2,1,0,0,0,4
2022,106,3,0,3,0,0,0,6
2022,107,26,8,13,5,0,0,50
2022,108,9,1,6,2,0,0,19
2023,1,18,6,9,3,0,0,33
2023,2,11,4,5,2,0,0,20
2023,3,15,8,7,0,0,0,22
2023,4,41,16,23,2,0,0,68
2023,5,9,2,6,1,0,0,17
2023,6,19,17,2,0,0,0,21
2023,7,53,36,16,1,0,0,71
2023,8,6,1,3,2,0,0,13
2023,9,9,2,6,1,0,0,17
2023,10,51,32,17,2,0,0,72
2023,11,12,7,5,0,0,0,17
2023,12,18,6,11,1,0,0,31
2023,13,53,29,23,1,0,0,78
2023,14,5,2,2,1,0,0,9
2023,15,20,13,7,0,0,0,27
2023,16,62,43,17,2,0,0,83
2023,17,6,2,4,0,0,0,10
2023,18,11,4,6,1,0,0,19
2023,19,62,46,14,2,0,0,80
2023,20,6,4,2,0,0,0,8
2023,21,21,11,7,3,0,0,34
2023,22,74,44,29,1,0,0,105
2023,23,27,12,11,4,0,0,47
2023,24,86,54,27,5,0,0,123
2023,25,9,7,2,0,0,0,11
2023,26,17,8,7,2,0,0,29
2023,27,95,57,35,3,0,0,136
2023,28,34,19,10,5,0,0,56
2023,29,95,71,23,1,0,0,120
2023,30,5,5,0,0,0,0,5
2023,31,20,15,5,0,0,0,25
2023,32,100,84,15,1,0,0,117
2023,33,14,8,4,2,0,0,24
2023,34,59,34,24,1,0,0,87
2023,35,27,19,5,3,0,0,38
2023,36,4,2,1,1,0,0,8
2023,37,95,64,26,5,0,0,131
2023,38,13,7,5,1,0,0,20
2023,39,20,12,4,4,0,0,33
2023,40,97,70,18,9,0,0,135
2023,41,5,3,1,1,0,0,9
2023,42,17,5,11,1,0,0,30
2023,43,96,65,26,5,0,0,133
2023,44,8,2,2,4,0,0,18
2023,45,25,12,10,3,0,0,42
2023,46,96,71,23,2,0,0,123
2023,47,10,3,5,2,0,0,19
2023,48,20,13,7,0,0,0,27
2023,49,85,60,21,4,0,0,114
2023,50,13,4,6,3,0,0,27
2023,51,35,25,5,5,0,0,50
2023,52,77,57,17,3,0,0,100
2023,53,11,4,6,1,0,0,19
2023,54,17,7,7,3,0,0,30
2023,55,91,65,21,5,0,0,123
2023,56,4,3,1,0,0,0,5
2023,57,19,14,5,0,0,0,24
2023,58,92,59,28,5,0,0,130
2023,59,6,3,2,1,0,0,10
2023,60,33,9,13,11,0,0,71
2023,61,91,55,28,8,0,0,135
2023,62,2,1,1,0,0,0,3
2023,63,16,11,4,1,0,0,22
2023,64,68,35,30,3,0,0,104
2023,65,3,1,0,2,0,0,8
2023,66,11,6,3,2,0,0,18
2023,67,41,20,18,3,0,0,65
2023,68,2,1,1,0,0,0,3
2023,69,11,5,4,2,0,0,19
2023,70,52,35,10,7,0,0,78
2023,71,32,25,4,3,0,0,42
2023,72,14,10,4,0,0,0,18
2023,73,39,19,17,3,0,0,62
2023,74,3,1,2,0,0,0,5
2023,75,10,5,1,4,0,0,22
2023,76,41,19,17,5,0,0,68
2023,77,4,3,1,0,0,0,5
2023,78,7,6,1,0,0,0,8
2023,79,38,22,13,3,0,0,58
2023,80,19,7,7,5,0,0,36
2023,81,36,25,10,1,0,0,48
2023,82,5,2,1,2,0,0,12
2023,83,7,0,5,2,0,0,16
2023,84,23,6,12,5,0,0,45
2023,85,8,5,2,1,0,0,12
2023,86,10,6,3,1,0,0,15
2023,87,13,9,4,0,0,0,17
2023,88,11,3,8,0,0,0,19
2023,89,13,8,4,1,0,0,20
2023,90,29,16,10,3,0,0,45
2023,91,9,2,4,3,0,0,19
2023,92,4,4,0,0,0,0,4
2023,93,60,40,18,2,0,0,82
2023,94,14,10,4,0,0,0,18
2023,95,3,3,0,0,0,0,3
2023,96,83,61,17,5,0,0,111
2023,97,14,7,5,2,0,0,23
2023,98,16,13,2,1,0,0,20
2023,99,86,66,18,2,0,0,109
2023,100,12,6,6,0,0,0,18
2023,101,34,19,13,2,0,0,51
2023,102,91,63,19,9,0,0,130
2023,103,0,0,0,0,0,0,0
2023,104,24,13,6,5,0,0,43
2023,105,46,31,11,4,0,0,65
2023,106,27,20,5,2,0,0,36
2023,107,8,8,0,0,0,0,8
2023,108,90,71,17,2,0,0,111
2023,109,32,16,12,4,0,0,52
2023,110,69,47,20,2,0,0,93
2023,111,100,78,21,1,0,0,123
2023,112,9,5,3,1,0,0,14
2023,113,40,29,10,1,0,0,52
2023,114,94,75,15,4,0,0,121
2023,115,28,21,5,2,0,0,37
2023,116,59,47,11,1,0,0,72
2023,117,89,67,16,6,0,0,117
2023,118,1,0,0,1,0,0,4
2023,119,23,13,7,3,0,0,37
2023,120,42,30,7,5,0,0,60
2023,121,26,19,3,4,0,0,38
2023,122,9,7,2,0,0,0,11
2023,123,94,71,22,1,0,0,118
2023,124,25,19,3,3,0,0,34
2023,125,47,32,12,3,0,0,65
2023,126,85,63,18,4,0,0,114
2023,127,10,3,6,1,0,0,18
2023,128,12,3,7,2,0,0,23
2023,129,65,39,22,4,0,0,95
2023,130,26,22,1,3,0,0,33
2023,131,49,44,3,2,0,0,56
2023,132,86,69,16,1,0,0,104
2023,133,0,0,0,0,0,0,0
2023,134,28,23,5,0,0,0,33
2023,135,26,16,6,4,0,0,40
2023,136,33,17,13,3,0,0,53
2023,137,6,5,1,0,0,0,7
2023,138,97,83,14,0,0,0,111
2023,139,31,21,5,5,0,0,47
2023,140,55,47,8,0,0,0,63
2023,141,89,76,11,2,0,0,104
2023,142,16,10,5,1,0,0,23
2023,143,18,13,5,0,0,0,23
2023,144,74,57,16,1,0,0,92
2023,145,22,16,3,3,0,0,32
2023,146,50,38,11,1,0,0,63
2023,147,73,52,19,2,0,0,96
2023,148,16,12,3,1,0,0,21
2023,149,28,24,4,0,0,0,32
2023,150,38,26,10,2,0,0,53
2023,151,17,11,6,0,0,0,23
2023,152,6,3,1,2,0,0,13
2023,153,33,23,9,1,0,0,44
2024,1,3,3,0,0,0,0,3
2024,2,19,13,5,1,0,0,26
2024,3,13,8,4,1,0,0,19
2024,4,36,20,14,2,0,0,56
2024,5,5,1,3,1,0,0,10
2024,6,6,4,2,0,0,0,8
2024,7,79,70,8,1,0,0,89
2024,8,18,12,5,1,0,0,25
2024,9,20,14,5,1,0,0,27
2024,10,70,55,14,1,0,0,86
2024,11,21,11,8,2,0,0,33
2024,12,19,9,6,4,0,0,34
2024,13,71,61,8,2,0,0,83
2024,14,18,15,3,0,0,0,21
2024,15,12,7,3,2,0,0,19
2024,16,81,63,18,0,0,0,99
2024,17,11,8,1,2,0,0,16
2024,18,14,10,2,2,0,0,20
2024,19,75,69,6,0,0,0,81
2024,20,13,11,2,0,0,0,15
2024,21,31,22,8,1,0,0,41
2024,22,74,55,18,1,0,0,94
2024,23,12,5,4,3,0,0,22
2024,24,28,19,8,1,0,0,38
2024,25,103,88,15,0,0,0,118
2024,26,11,6,4,1,0,0,17
2024,27,13,7,5,1,0,0,20
2024,28,115,83,32,0,0,0,147
2024,29,15,11,3,1,0,0,20
2024,30,25,13,10,2,0,0,41
2024,31,116,93,20,3,0,0,142
2024,32,11,7,1,3,0,0,18
2024,33,22,13,8,1,0,0,32
2024,34,114,77,31,6,0,0,157
2024,35,0,0,0,0,0,0,0
2024,36,42,30,9,3,0,0,57
2024,37,52,36,15,1,0,0,69
2024,38,45,24,17,4,0,0,70
2024,39,0,0,0,0,0,0,0
2024,40,115,94,19,2,0,0,138
2024,41,32,26,6,0,0,0,38
2024,42,40,17,16,7,0,0,71
2024,43,112,69,36,7,0,0,163
2024,44,10,5,3,2,0,0,17
2024,45,23,16,6,1,0,0,31
2024,46,113,69,36,8,0,0,169
2024,47,14,5,5,4,0,0,29
2024,48,27,11,11,5,0,0,48
2024,49,112,72,30,10,0,0,165
2024,50,14,7,6,1,0,0,22
2024,51,21,16,1,4,0,0,31
2024,52,116,74,35,7,0,0,170
2024,53,9,4,4,1,0,0,15
2024,54,23,13,8,2,0,0,35
2024,55,112,77,30,5,0,0,154
2024,56,14,7,3,4,0,0,27
2024,57,6,4,0,2,0,0,11
2024,58,103,65,31,7,0,0,148
2024,59,8,4,4,0,0,0,12
2024,60,43,23,15,5,0,0,71
2024,61,104,54,40,10,0,0,165
2024,62,5,2,3,0,0,0,8
2024,63,14,4,8,2,0,0,27
2024,64,78,48,24,6,0,0,115
2024,65,4,0,3,1,0,0,9
2024,66,21,11,6,4,0,0,36
2024,67,58,34,22,2,0,0,84
2024,68,13,11,2,0,0,0,15
2024,69,26,13,8,5,0,0,47
2024,70,42,27,10,5,0,0,66
2024,71,26,9,7,10,0,0,58
2024,72,9,2,3,4,0,0,23
2024,73,58,37,18,3,0,0,84
2024,74,5,5,0,0,0,0,5
2024,75,29,17,8,4,0,0,46
2024,76,59,35,17,7,0,0,90
2024,77,15,6,8,1,0,0,25
2024,78,28,13,12,3,0,0,46
2024,79,59,25,27,7,0,0,103
2024,80,10,2,5,3,0,0,22
2024,81,16,8,7,1,0,0,25
2024,82,56,20,25,11,0,0,104
2024,83,10,3,4,3,0,0,21
2024,84,21,9,10,2,0,0,35
2024,85,57,38,12,7,0,0,83
2024,86,0,0,0,0,0,0,0
2024,87,18,5,9,4,0,0,36
2024,88,42,17,17,8,0,0,75
2024,89,6,1,2,3,0,0,18
2024,90,17,6,7,4,0,0,32
2024,91,39,12,14,13,0,0,84
2024,92,12,3,4,5,0,0,29
2024,93,10,4,3,3,0,0,21
2024,94,28,15,10,3,0,0,44
2024,95,11,4,6,1,0,0,19
2024,96,14,3,7,4,0,0,31
2024,97,63,30,24,9,0,0,105
2024,98,16,6,5,5,0,0,36
2024,99,6,3,3,0,0,0,9
2024,100,96,62,28,6,0,0,136
2024,101,8,2,5,1,0,0,15
2024,102,28,15,10,3,0,0,44
2024,103,110,77,26,7,0,0,151
2024,104,15,11,3,1,0,0,22
2024,105,30,23,6,1,0,0,38
2024,106,109,75,28,6,0,0,149
2024,107,0,0,0,0,0,0,0
2024,108,28,13,9,6,0,0,51
2024,109,53,32,13,8,0,0,83
2024,110,41,29,10,2,0,0,55
2024,111,3,1,1,1,0,0,6
2024,112,113,84,25,4,0,0,148
2024,113,25,15,8,2,0,0,38
2024,114,44,24,12,8,0,0,78
2024,115,116,87,20,9,0,0,155
2024,116,10,5,4,1,0,0,17
2024,117,32,21,8,3,0,0,47
2024,118,111,80,23,8,0,0,151
2024,119,33,24,6,3,0,0,45
2024,120,73,41,23,9,0,0,116
2024,121,115,88,25,2,0,0,144
2024,122,29,11,10,8,0,0,60
2024,123,35,21,13,1,0,0,50
2024,124,41,28,10,3,0,0,57
2024,125,0,0,0,0,0,0,0
2024,126,118,91,24,3,0,0,149
2024,127,31,17,11,3,0,0,49
2024,128,64,46,12,6,0,0,92
2024,129,102,73,28,1,0,0,132
2024,130,17,8,8,1,0,0,27
2024,131,21,8,13,0,0,0,34
2024,132,105,77,27,1,0,0,134
2024,133,32,21,8,3,0,0,47
2024,134,62,45,14,3,0,0,82
2024,135,109,78,27,4,0,0,144
2024,136,0,0,0,0,0,0,0
2024,137,23,15,8,0,0,0,31
2024,138,33,19,11,3,0,0,51
2024,139,37,29,8,0,0,0,45
2024,140,1,0,1,0,0,0,2
2024,141,83,60,17,6,0,0,112
2024,142,30,22,3,5,0,0,45
2024,143,61,37,18,6,0,0,92
2024,144,89,62,21,6,0,0,122
2024,145,19,10,8,1,0,0,29
2024,146,24,8,13,3,0,0,43
2024,147,82,56,25,1,0,0,109
2024,148,19,7,9,3,0,0,34
2024,149,51,29,21,1,0,0,74
2024,150,76,46,25,5,0,0,111
2024,151,4,1,2,1,0,0,8
2024,152,31,19,12,0,0,0,43
2024,153,70,42,24,4,0,0,102
2024,154,5,0,3,2,0,0,12
2024,155,23,16,5,2,0,0,33
2024,156,40,30,7,3,0,0,53
2024,157,7,2,4,1,0,0,13
2025,1,19,9,8,2,0,0,31
2025,2,45,26,16,3,0,0,67
2025,3,7,4,3,0,0,0,10
2025,4,6,3,3,0,0,0,9
2025,5,62,35,20,7,0,0,97
2025,6,18,10,8,0,0,0,26
2025,7,21,15,5,1,0,0,28
2025,8,72,44,28,0,0,0,100
2025,9,22,17,5,0,0,0,27
2025,10,32,18,13,1,0,0,47
2025,11,67,42,22,3,0,0,95
2025,12,5,2,3,0,0,0,8
2025,13,37,27,8,2,0,0,51
2025,14,70,45,19,6,0,0,101
2025,15,16,5,10,1,0,0,29
2025,16,13,6,4,3,0,0,23
2025,17,67,46,17,4,0,0,93
2025,18,17,7,5,5,0,0,38
2025,19,41,12,20,9,0,0,88
2025,20,103,45,45,13,0,0,177
2025,21,24,7,7,10,0,0,61
2025,22,35,17,9,9,0,0,74
2025,23,120,66,41,13,0,0,191
2025,24,14,10,4,0,0,0,18
2025,25,27,9,7,11,0,0,58
2025,26,115,58,45,12,0,0,191
2025,27,17,6,9,2,0,0,30
2025,28,25,4,14,7,0,0,56
2025,29,113,55,38,20,0,0,195
2025,30,21,7,10,4,0,0,40
2025,31,31,11,13,7,0,0,62
2025,32,122,77,35,10,0,0,178
2025,33,0,0,0,0,0,0,0
2025,34,27,14,10,3,0,0,43
2025,35,56,19,27,10,0,0,107
2025,36,32,11,15,6,0,0,62
2025,37,7,2,2,3,0,0,16
2025,38,113,60,41,12,0,0,178
2025,39,12,4,8,0,0,0,20
2025,40,23,9,10,4,0,0,41
2025,41,121,71,34,16,0,0,190
2025,42,16,7,7,2,0,0,28
2025,43,22,3,9,10,0,0,56
2025,44,118,58,50,10,0,0,193
2025,45,7,4,2,1,0,0,11
2025,46,25,7,12,6,0,0,54
2025,47,109,50,42,17,0,0,189
2025,48,20,11,7,2,0,0,32
2025,49,15,4,9,2,0,0,28
2025,50,108,45,38,25,0,0,203
2025,51,24,10,10,4,0,0,43
2025,52,7,3,4,0,0,0,11
2025,53,117,51,40,26,0,0,220
2025,54,26,5,13,8,0,0,59
2025,55,8,0,6,2,0,0,18
2025,56,106,42,41,23,0,0,199
2025,57,8,0,2,6,0,0,23
2025,58,39,13,15,11,0,0,81
2025,59,106,27,42,37,0,0,237
2025,60,5,0,2,3,0,0,19
2025,61,17,0,5,12,0,0,50
2025,62,88,34,32,22,0,0,169
2025,63,4,2,1,1,0,0,8
2025,64,21,2,10,9,0,0,55
2025,65,60,19,24,17,0,0,127
2025,66,1,0,0,1,0,0,5
2025,67,21,2,13,6,0,0,50
2025,68,49,28,11,10,0,0,85
2025,69,47,27,14,6,0,0,75
2025,70,6,0,2,4,0,0,18
2025,71,52,18,16,18,0,0,109
2025,72,14,3,7,4,0,0,31
2025,73,15,3,5,7,0,0,37
2025,74,59,11,32,16,0,0,134
2025,75,12,3,5,4,0,0,28
2025,76,25,7,13,5,0,0,51
2025,77,24,8,6,10,0,0,54
2025,78,52,18,23,11,0,0,99
2025,79,5,1,3,1,0,0,12
2025,80,8,4,2,2,0,0,17
2025,81,46,18,18,10,0,0,86
2025,82,2,1,0,1,0,0,5
2025,83,28,10,11,7,0,0,58
2025,84,44,16,20,8,0,0,84
2025,85,6,0,4,2,0,0,16
2025,86,6,1,3,2,0,0,14
2025,87,39,16,16,7,0,0,71
2025,88,1,0,0,1,0,0,4
2025,89,10,6,4,0,0,0,14
2025,90,29,7,16,6,0,0,59
2025,91,2,0,0,2,0,0,6
2025,92,10,1,6,3,0,0,24
2025,93,75,36,26,13,0,0,129
2025,94,14,5,5,4,0,0,27
2025,95,9,5,2,2,0,0,17
2025,96,102,59,31,12,0,0,160
2025,97,10,4,4,2,0,0,19
2025,98,30,14,10,6,0,0,55
2025,99,112,49,50,13,0,0,193
2025,100,15,4,9,2,0,0,29
2025,101,27,8,13,6,0,0,53
2025,102,115,49,53,13,0,0,195
2025,103,0,0,0,0,0,0,0
2025,104,24,11,6,7,0,0,47
2025,105,48,27,16,5,0,0,76
2025,106,38,17,17,4,0,0,63
2025,107,0,0,0,0,0,0,0
2025,108,112,52,52,8,0,0,181
2025,109,27,15,9,3,0,0,48
2025,110,36,17,12,7,0,0,64
2025,111,111,49,54,8,0,0,182
2025,112,21,5,12,4,0,0,42
2025,113,31,13,17,1,0,0,50
2025,114,121,58,48,15,0,0,202
2025,115,40,22,14,4,0,0,62
2025,116,77,36,30,11,0,0,131
2025,117,128,58,54,16,0,0,215
2025,118,4,0,3,1,0,0,9
2025,119,42,20,17,5,0,0,72
2025,120,56,21,23,12,0,0,105
2025,121,45,26,14,5,0,0,70
2025,122,2,0,1,1,0,0,5
2025,123,122,73,42,7,0,0,181
2025,124,30,10,14,6,0,0,59
2025,125,68,42,24,2,0,0,98
2025,126,110,42,63,5,0,0,183
2025,127,10,0,5,5,0,0,25
2025,128,31,19,6,6,0,0,51
2025,129,102,54,44,4,0,0,155
2025,130,32,14,13,5,0,0,57
2025,131,65,42,20,3,0,0,93
2025,132,113,57,49,7,0,0,176
2025,133,0,0,0,0,0,0,0
2025,134,21,8,5,8,0,0,47
2025,135,36,14,15,7,0,0,68
2025,136,46,13,20,13,0,0,95
2025,137,1,0,1,0,0,0,2
2025,138,98,48,37,13,0,0,164
2025,139,32,12,15,5,0,0,59
2025,140,65,35,24,6,0,0,105
2025,141,102,72,26,4,0,0,139
2025,142,16,5,11,0,0,0,27
2025,143,20,9,9,2,0,0,33
2025,144,89,36,39,14,0,0,158
2025,145,31,17,10,4,0,0,50
2025,146,62,29,26,7,0,0,104
2025,147,72,25,42,5,0,0,124
2025,148,8,0,6,2,0,0,19
2025,149,25,5,14,6,0,0,52
2025,150,63,29,28,6,0,0,107
2025,151,18,5,12,1,0,0,32
2025,152,10,2,4,4,0,0,22
2025,153,46,18,23,5,0,0,79
2025,154,29,12,14,3,0,0,50
2026,1,22,7,12,3,0,0,40
2026,2,55,13,36,6,0,0,103
2026,3,13,3,7,3,0,0,28
2026,4,25,9,11,5,0,0,47
2026,5,68,42,22,4,0,0,99
2026,6,17,4,8,5,0,0,35
2026,7,19,7,9,3,0,0,34
2026,8,78,31,36,11,0,0,137
2026,9,24,10,11,3,0,0,43
2026,10,31,11,19,1,0,0,52
2026,11,71,15,47,9,0,0,137
2026,12,8,1,5,2,0,0,19
2026,13,36,15,15,6,0,0,63
2026,14,71,39,28,4,0,0,107
2026,15,12,2,7,3,0,0,26
2026,16,12,3,7,2,0,0,23
2026,17,83,33,43,7,0,0,141
2026,18,25,5,13,7,0,0,59
2026,19,21,5,14,2,0,0,39
2026,20,76,25,44,7,0,0,137
2026,21,22,5,12,5,0,0,47
2026,22,32,19,10,3,0,0,48
2026,23,102,52,39,11,0,0,165
2026,24,17,3,11,3,0,0,34
2026,25,25,10,11,4,0,0,46
2026,26,113,44,54,15,0,0,199
2026,27,16,2,10,4,0,0,38
2026,28,19,2,12,5,0,0,42
2026,29,104,56,38,10,0,0,165
2026,30,20,3,10,7,0,0,45
2026,31,34,18,14,2,0,0,53
2026,32,119,53,55,11,0,0,198
2026,33,14,1,8,5,0,0,36
2026,34,26,10,8,8,0,0,54
2026,35,18,15,1,2,0,0,24
2026,36,119,62,49,8,0,0,186
2026,37,0,0,0,0,0,0,0
2026,38,17,7,8,2,0,0,29
2026,39,45,16,23,6,0,0,85
2026,40,33,13,12,8,0,0,61
2026,41,4,2,1,1,0,0,8
2026,42,104,48,48,8,0,0,168
2026,43,22,6,10,6,0,0,45
2026,44,13,1,11,1,0,0,26
2026,45,108,53,49,6,0,0,171
2026,46,23,17,5,1,0,0,30
2026,47,39,21,16,2,0,0,59
2026,48,109,47,44,18,0,0,193
2026,49,19,9,7,3,0,0,32
2026,50,26,7,9,10,0,0,60
2026,51,110,50,44,16,0,0,193
2026,52,23,10,10,3,0,0,40
2026,53,22,5,14,3,0,0,43
2026,54,101,43,48,10,0,0,172
2026,55,17,6,8,3,0,0,32
2026,56,31,14,13,4,0,0,55
2026,57,100,55,35,10,0,0,161
2026,58,6,2,1,3,0,0,13
2026,59,8,3,2,3,0,0,16
2026,60,75,23,40,12,0,0,141
2026,61,3,1,2,0,0,0,5
2026,62,2,0,1,1,0,0,5
2026,63,48,20,19,9,0,0,86
2026,64,11,2,7,2,0,0,22
2026,65,22,8,11,3,0,0,40
2026,66,60,28,20,12,0,0,111
2026,67,12,5,6,1,0,0,20
2026,68,6,3,3,0,0,0,9
2026,69,11,7,4,0,0,0,15
2026,70,9,6,2,1,0,0,13
2026,71,10,4,5,1,0,0,17
2026,72,13,9,2,2,0,0,19
2026,73,9,2,5,2,0,0,18
2026,74,13,6,5,2,0,0,24
2026,75,15,5,6,4,0,0,31
2026,76,6,1,5,0,0,0,11
2026,77,7,4,3,0,0,0,10
2026,78,22,2,16,4,0,0,47
2026,79,5,3,2,0,0,0,7
2026,80,3,2,1,0,0,0,4
2026,81,25,11,9,5,0,0,45
2026,82,3,1,1,1,0,0,6
2026,83,6,3,3,0,0,0,9
2026,84,28,6,16,6,0,0,57
2026,85,8,4,3,1,0,0,13
2026,86,22,10,8,4,0,0,39
2026,87,36,10,19,7,0,0,70
2026,88,10,4,3,3,0,0,19
2026,89,11,2,6,3,0,0,25
2026,90,46,27,17,2,0,0,68
2026,91,8,2,5,1,0,0,16
2026,92,12,9,1,2,0,0,18
2026,93,8,1,5,2,0,0,18
