source_year,source_round,source_match_id,source_schedule_id,starts_at,home_team,away_team,result,sequence,observed_at,home,draw,away
2010,1,10,23626,2010-01-03 06:00:00,AT마드,세비야,HOME,0,,2.35,3.05,2.3
2010,1,10,23626,2010-01-03 06:00:00,AT마드,세비야,HOME,1,,2.45,3.05,2.2
2010,1,23,23629,2010-01-04 01:00:00,헤타페,바야돌리,HOME,0,,1.55,3.3,4.1
2010,1,23,23629,2010-01-04 01:00:00,헤타페,바야돌리,HOME,1,,1.5,3.4,4.4
2010,1,26,23632,2010-01-04 01:00:00,사라고사,데포라코,DRAW,0,,2.35,2.95,2.35
2010,1,26,23632,2010-01-04 01:00:00,사라고사,데포라코,DRAW,1,,2.5,3.0,2.2
2010,2,3,23658,2010-01-06 20:30:00,키에보,인테르,AWAY,0,,3.65,3.05,1.7
2010,2,3,23658,2010-01-06 20:30:00,키에보,인테르,AWAY,1,,3.85,3.15,1.63
2010,2,4,23717,2010-01-06 20:30:00,태국,요르단,DRAW,0,,1.85,3.05,3.1
2010,2,4,23717,2010-01-06 20:30:00,태국,요르단,DRAW,1,,1.75,3.15,3.3
2010,2,6,23719,2010-01-06 20:30:00,중국,시리아,DRAW,0,,1.75,3.15,3.3
2010,2,6,23719,2010-01-06 20:30:00,중국,시리아,DRAW,1,,1.67,3.25,3.5
2010,2,11,23662,2010-01-06 23:00:00,FC 바리,우디네세,HOME,0,,1.85,3.05,3.1
2010,2,11,23662,2010-01-06 23:00:00,FC 바리,우디네세,HOME,1,,1.78,3.1,3.25
2010,2,12,23663,2010-01-06 23:00:00,칼리아리,AS로마,DRAW,0,,2.55,2.9,2.2
2010,2,12,23663,2010-01-06 23:00:00,칼리아리,AS로마,DRAW,1,,2.65,2.95,2.1
2010,2,17,23666,2010-01-06 23:00:00,시에나,피오렌티,AWAY,0,,2.9,2.9,2.0
2010,2,17,23666,2010-01-06 23:00:00,시에나,피오렌티,AWAY,1,,3.0,2.95,1.93
2010,3,27,23674,2010-01-10 23:00:00,볼로냐,칼리아리,AWAY,0,,2.3,2.9,2.45
2010,3,27,23674,2010-01-10 23:00:00,볼로냐,칼리아리,AWAY,1,,2.4,2.95,2.3
2010,3,31,23670,2010-01-10 23:00:00,나폴리,삼프도리,HOME,0,,1.6,3.15,4.0
2010,3,31,23670,2010-01-10 23:00:00,나폴리,삼프도리,HOME,1,,1.55,3.2,4.3
2010,4,6,23868,2010-01-14 06:00:00,세비야,바르셀로,AWAY,0,,3.25,3.15,1.77
2010,4,6,23868,2010-01-14 06:00:00,세비야,바르셀로,AWAY,1,,3.45,3.2,1.7
2010,4,23,23885,2010-01-15 05:00:00,블랙번,A빌라,AWAY,0,,2.85,2.95,2.0
2010,4,23,23885,2010-01-15 05:00:00,블랙번,A빌라,AWAY,1,,3.0,3.0,1.9
2010,5,10,23955,2010-01-17 02:00:00,칼리아리,리보르노,HOME,0,,1.55,3.15,4.4
2010,5,10,23955,2010-01-17 02:00:00,칼리아리,리보르노,HOME,1,,1.5,3.25,4.6
2010,5,12,23934,2010-01-17 02:30:00,에버턴,맨체스C,HOME,0,,2.35,3.05,2.3
2010,5,12,23934,2010-01-17 02:30:00,에버턴,맨체스C,HOME,1,,2.45,3.1,2.17
2010,5,13,23946,2010-01-17 04:00:00,빌바오,레알마드,HOME,0,,4.4,3.35,1.5
2010,5,13,23946,2010-01-17 04:00:00,빌바오,레알마드,HOME,1,,4.8,3.4,1.45
2010,5,14,23956,2010-01-17 04:45:00,FC 바리,인테르,DRAW,0,,3.8,3.05,1.67
2010,5,14,23956,2010-01-17 04:45:00,FC 바리,인테르,DRAW,1,,3.95,3.1,1.63
2010,5,36,23949,2010-01-18 01:00:00,라싱산탄,바야돌리,DRAW,0,,1.73,3.15,3.4
2010,5,36,23949,2010-01-18 01:00:00,라싱산탄,바야돌리,DRAW,1,,1.65,3.25,3.6
2010,6,6,24037,2010-01-21 04:00:00,마요르카,헤타페,AWAY,0,,1.55,3.45,3.9
2010,6,6,24037,2010-01-21 04:00:00,마요르카,헤타페,AWAY,1,,1.5,3.55,4.1
2010,6,9,24039,2010-01-21 05:00:00,리버풀,토트넘,HOME,0,,2.0,3.05,2.75
2010,6,9,24039,2010-01-21 05:00:00,리버풀,토트넘,HOME,1,,2.03,3.05,2.7
2010,7,6,24166,2010-01-24 00:00:00,에버턴,버밍엄C,AWAY,0,,1.75,3.15,3.3
2010,7,6,24166,2010-01-24 00:00:00,에버턴,버밍엄C,AWAY,1,,1.67,3.25,3.5
2010,7,28,23973,2010-01-24 23:00:00,리보르노,나폴리,AWAY,0,,2.6,2.85,2.2
2010,7,28,23973,2010-01-24 23:00:00,리보르노,나폴리,AWAY,1,,2.7,2.9,2.1
2010,7,30,23970,2010-01-24 23:00:00,시에나,칼리아리,DRAW,0,,2.6,2.95,2.15
2010,7,30,23970,2010-01-24 23:00:00,시에나,칼리아리,DRAW,1,,2.7,3.0,2.05
2010,7,33,24084,2010-01-25 01:00:00,테네리페,발렌시아,DRAW,0,,3.9,3.25,1.6
2010,7,33,24084,2010-01-25 01:00:00,테네리페,발렌시아,DRAW,1,,4.4,3.3,1.52
2010,8,3,24095,2010-01-28 04:45:00,A빌라,아스널,DRAW,0,,2.65,3.05,2.05
2010,8,3,24095,2010-01-28 04:45:00,A빌라,아스널,DRAW,1,,2.8,3.1,1.95
2010,8,24,24212,2010-01-29 04:00:00,헤타페,마요르카,AWAY,0,,1.77,3.15,3.25
2010,8,24,24212,2010-01-29 04:00:00,헤타페,마요르카,AWAY,1,,1.72,3.2,3.35
2010,8,25,24213,2010-01-29 04:45:00,인테르,유벤투스,HOME,0,,1.65,3.2,3.65
2010,8,25,24213,2010-01-29 04:45:00,인테르,유벤투스,HOME,1,,1.6,3.3,3.8
2010,9,1,24254,2010-01-31 00:00:00,버밍엄C,토트넘,DRAW,0,,2.5,3.0,2.2
2010,9,1,24254,2010-01-31 00:00:00,버밍엄C,토트넘,DRAW,1,,2.6,3.0,2.12
2010,9,3,24298,2010-01-31 00:00:00,헐시티,울버햄튼,DRAW,0,,1.9,3.05,2.95
2010,9,3,24298,2010-01-31 00:00:00,헐시티,울버햄튼,DRAW,1,,1.82,3.1,3.15
2010,9,5,24299,2010-01-31 00:00:00,웨스트햄,블랙번,DRAW,0,,1.78,3.15,3.2
2010,9,5,24299,2010-01-31 00:00:00,웨스트햄,블랙번,DRAW,1,,1.7,3.25,3.4
2010,9,6,24257,2010-01-31 00:00:00,위건,에버턴,AWAY,0,,2.65,2.95,2.1
2010,9,6,24257,2010-01-31 00:00:00,위건,에버턴,AWAY,1,,2.8,3.0,2.0
2010,9,12,24260,2010-01-31 06:00:00,데포라코,레알마드,AWAY,0,,2.65,3.05,2.05
2010,9,12,24260,2010-01-31 06:00:00,데포라코,레알마드,AWAY,1,,2.75,3.15,1.97
2010,9,20,23979,2010-01-31 23:00:00,칼리아리,피오렌티,DRAW,0,,2.25,2.95,2.45
2010,9,20,23979,2010-01-31 23:00:00,칼리아리,피오렌티,DRAW,1,,2.15,3.0,2.55
2010,11,8,24315,2010-02-07 00:00:00,헐시티,맨체스C,HOME,0,,3.85,3.2,1.62
2010,11,8,24315,2010-02-07 00:00:00,헐시티,맨체스C,HOME,1,,4.0,3.3,1.57
2010,11,16,24331,2010-02-07 04:45:00,리보르노,유벤투스,DRAW,0,,3.3,2.9,1.85
2010,11,16,24331,2010-02-07 04:45:00,리보르노,유벤투스,DRAW,1,,3.5,3.0,1.75
2010,11,32,24318,2010-02-07 22:30:00,버밍엄C,울버햄튼,HOME,0,,1.6,3.2,3.95
2010,11,32,24318,2010-02-07 22:30:00,버밍엄C,울버햄튼,HOME,1,,1.55,3.3,4.1
2010,11,34,24332,2010-02-07 23:00:00,볼로냐,AC밀란,DRAW,0,,3.9,3.05,1.65
2010,11,34,24332,2010-02-07 23:00:00,볼로냐,AC밀란,DRAW,1,,4.2,3.15,1.58
2010,11,38,24337,2010-02-07 23:00:00,시에나,삼프도리,AWAY,0,,2.4,2.85,2.35
2010,11,38,24337,2010-02-07 23:00:00,시에나,삼프도리,AWAY,1,,2.45,2.95,2.25
2010,12,4,24451,2010-02-11 04:45:00,아스널,리버풀,HOME,0,,1.8,3.1,3.2
2010,12,4,24451,2010-02-11 04:45:00,아스널,리버풀,HOME,1,,1.75,3.15,3.3
2010,12,5,24452,2010-02-11 04:45:00,A빌라,맨체스U,DRAW,0,,3.5,3.0,1.75
2010,12,5,24452,2010-02-11 04:45:00,A빌라,맨체스U,DRAW,1,,3.8,3.1,1.65
2010,12,7,24454,2010-02-11 04:45:00,울버햄튼,토트넘,HOME,0,,3.6,3.15,1.68
2010,12,7,24454,2010-02-11 04:45:00,울버햄튼,토트넘,HOME,1,,3.9,3.25,1.6
2010,12,8,24455,2010-02-11 04:45:00,파르마,인테르,DRAW,0,,4.2,3.05,1.6
2010,12,8,24455,2010-02-11 04:45:00,파르마,인테르,DRAW,1,,4.5,3.15,1.53
2010,12,10,24457,2010-02-11 05:00:00,에버턴,첼시,HOME,0,,3.95,3.2,1.6
2010,12,10,24457,2010-02-11 05:00:00,에버턴,첼시,HOME,1,,4.3,3.3,1.53
2010,13,3,24589,2010-02-14 22:30:00,볼턴,토트넘,DRAW,0,,2.95,3.05,1.9
2010,13,3,24589,2010-02-14 22:30:00,볼턴,토트넘,DRAW,1,,3.15,3.15,1.8
2010,13,5,24510,2010-02-14 02:00:00,S히혼,발렌시아,DRAW,0,,3.8,3.3,1.6
2010,13,5,24510,2010-02-14 02:00:00,S히혼,발렌시아,DRAW,1,,4.0,3.4,1.55
2010,13,8,24522,2010-02-14 04:45:00,삼프도리,피오렌티,HOME,0,,2.05,2.9,2.8
2010,13,8,24522,2010-02-14 04:45:00,삼프도리,피오렌티,HOME,1,,1.95,3.0,2.9
2010,13,14,24528,2010-02-14 23:00:00,칼리아리,FC 바리,HOME,0,,1.55,3.25,4.2
2010,13,14,24528,2010-02-14 23:00:00,칼리아리,FC 바리,HOME,1,,1.5,3.3,4.5
2010,13,16,24526,2010-02-14 23:00:00,키에보,시에나,AWAY,0,,1.55,3.2,4.3
2010,13,16,24526,2010-02-14 23:00:00,키에보,시에나,AWAY,1,,1.5,3.3,4.5
2010,13,19,24525,2010-02-14 23:00:00,파르마,라치오,AWAY,0,,2.1,2.8,2.8
2010,13,19,24525,2010-02-14 23:00:00,파르마,라치오,AWAY,1,,2.0,2.85,2.95
2010,14,4,24533,2010-02-18 04:45:00,포르투,아스널,HOME,0,,2.4,2.95,2.3
2010,14,4,24533,2010-02-18 04:45:00,포르투,아스널,HOME,1,,2.3,3.05,2.35
2010,14,20,24538,2010-02-19 03:00:00,아약스,유벤투스,AWAY,0,,2.35,2.95,2.35
2010,14,20,24538,2010-02-19 03:00:00,아약스,유벤투스,AWAY,1,,2.25,2.95,2.45
2010,14,22,24544,2010-02-19 03:00:00,비야레알,볼프스부,DRAW,0,,1.67,3.2,3.6
2010,14,22,24544,2010-02-19 03:00:00,비야레알,볼프스부,DRAW,1,,1.62,3.3,3.7
2010,14,23,24542,2010-02-19 03:00:00,S리에주,잘츠부르,HOME,0,,1.93,3.05,2.9
2010,14,23,24542,2010-02-19 03:00:00,S리에주,잘츠부르,HOME,1,,2.0,3.05,2.75
2010,14,25,24540,2010-02-19 03:00:00,릴OSC,페네르SK,HOME,0,,1.78,3.15,3.2
2010,14,25,24540,2010-02-19 03:00:00,릴OSC,페네르SK,HOME,1,,1.7,3.25,3.4
2010,14,28,24552,2010-02-19 05:05:00,파나티나,AS로마,HOME,0,,2.6,2.95,2.15
2010,14,28,24552,2010-02-19 05:05:00,파나티나,AS로마,HOME,1,,2.7,3.0,2.05
2010,14,33,24550,2010-02-19 05:05:00,H베를린,SL벤피카,DRAW,0,,2.85,3.05,1.95
2010,14,33,24550,2010-02-19 05:05:00,H베를린,SL벤피카,DRAW,1,,3.05,3.1,1.85
2010,15,4,24498,2010-02-20 21:45:00,에버턴,맨체스U,HOME,0,,3.6,3.1,1.7
2010,15,4,24498,2010-02-20 21:45:00,에버턴,맨체스U,HOME,1,,4.0,3.15,1.6
2010,15,24,24784,2010-02-21 23:00:00,칼리아리,파르마,HOME,0,,1.58,3.25,4.0
2010,15,24,24784,2010-02-21 23:00:00,칼리아리,파르마,HOME,1,,1.5,3.3,4.5
2010,15,28,24789,2010-02-21 23:00:00,시에나,나폴리,DRAW,0,,2.7,2.9,2.1
2010,15,28,24789,2010-02-21 23:00:00,시에나,나폴리,DRAW,1,,2.8,3.0,2.0
2010,16,7,24839,2010-02-25 02:30:00,피오렌티,AC밀란,AWAY,0,,2.55,2.9,2.2
2010,16,7,24839,2010-02-25 02:30:00,피오렌티,AC밀란,AWAY,1,,2.7,2.95,2.08
2010,16,8,24536,2010-02-25 02:30:00,C모스크,세비야,DRAW,0,,2.55,2.9,2.2
2010,16,8,24536,2010-02-25 02:30:00,C모스크,세비야,DRAW,1,,2.4,2.95,2.3
2010,16,24,24823,2010-02-26 03:00:00,안더레흐,빌바오,HOME,0,,2.05,3.05,2.65
2010,16,24,24823,2010-02-26 03:00:00,안더레흐,빌바오,HOME,1,,1.95,3.1,2.8
2010,16,27,24826,2010-02-26 03:00:00,갈라타사,AT마드,AWAY,0,,2.1,2.95,2.65
2010,16,27,24826,2010-02-26 03:00:00,갈라타사,AT마드,AWAY,1,,1.98,3.0,2.85
2010,16,30,24829,2010-02-26 03:00:00,PSV,함부르크,HOME,0,,2.1,2.95,2.65
2010,16,30,24829,2010-02-26 03:00:00,PSV,함부르크,HOME,1,,2.0,3.0,2.8
2010,16,35,24834,2010-02-26 05:05:00,잘츠부르,S리에주,DRAW,0,,1.75,3.2,3.25
2010,16,35,24834,2010-02-26 05:05:00,잘츠부르,S리에주,DRAW,1,,1.67,3.3,3.45
2010,18,11,25095,2010-03-04 01:00:00,슬로바키,노르웨이,AWAY,0,,2.05,3.05,2.65
2010,18,11,25095,2010-03-04 01:00:00,슬로바키,노르웨이,AWAY,1,,1.95,3.1,2.8
2010,18,30,25117,2010-03-04 05:00:00,프랑스,스페인,AWAY,0,,2.55,2.9,2.2
2010,18,30,25117,2010-03-04 05:00:00,프랑스,스페인,AWAY,1,,2.65,2.95,2.1
2010,19,5,25148,2010-03-06 15:00:00,제주SKFC,전북현대,DRAW,0,,3.9,3.25,1.6
2010,19,5,25148,2010-03-06 15:00:00,제주SKFC,전북현대,DRAW,1,,4.2,3.35,1.53
2010,19,13,25257,2010-03-07 02:20:00,풀럼,토트넘,DRAW,0,,2.4,2.95,2.3
2010,19,13,25257,2010-03-07 02:20:00,풀럼,토트넘,DRAW,1,,2.5,3.0,2.2
2010,19,29,25158,2010-03-07 15:00:00,강원FC,FC서울,AWAY,0,,3.8,3.2,1.63
2010,19,29,25158,2010-03-07 15:00:00,강원FC,FC서울,AWAY,1,,3.95,3.3,1.58
2010,20,4,25309,2010-03-10 19:30:00,포항스틸,산프히로,HOME,0,,1.7,3.2,3.45
2010,20,4,25309,2010-03-10 19:30:00,포항스틸,산프히로,HOME,1,,1.63,3.3,3.65
2010,20,19,25324,2010-03-12 03:00:00,루빈카잔,볼프스부,DRAW,0,,1.88,3.05,3.0
2010,20,19,25324,2010-03-12 03:00:00,루빈카잔,볼프스부,DRAW,1,,1.82,3.1,3.15
2010,21,22,25416,2010-03-14 13:00:00,대구FC,전남드래,AWAY,0,,3.0,3.0,1.9
2010,21,22,25416,2010-03-14 13:00:00,대구FC,전남드래,AWAY,1,,3.25,3.05,1.8
2010,21,39,25430,2010-03-15 01:00:00,알메리아,말라가,HOME,0,,1.8,3.1,3.2
2010,21,39,25430,2010-03-15 01:00:00,알메리아,말라가,HOME,1,,1.7,3.2,3.45
2010,21,40,25429,2010-03-15 01:00:00,선덜랜드,맨체스C,DRAW,0,,2.9,3.0,1.95
2010,21,40,25429,2010-03-15 01:00:00,선덜랜드,맨체스C,DRAW,1,,3.05,3.1,1.85
2010,22,21,25451,2010-03-19 05:05:00,볼프스부,루빈카잔,DRAW,0,,1.68,3.25,3.5
2010,22,21,25451,2010-03-19 05:05:00,볼프스부,루빈카잔,DRAW,1,,1.62,3.35,3.65
2010,23,15,25604,2010-03-21 04:45:00,팔레르모,인테르,DRAW,0,,2.7,2.9,2.1
2010,23,15,25604,2010-03-21 04:45:00,팔레르모,인테르,DRAW,1,,2.85,2.95,2.0
2010,23,17,25606,2010-03-21 06:00:00,에스파뇰,세비야,HOME,0,,2.6,3.05,2.1
2010,23,17,25606,2010-03-21 06:00:00,에스파뇰,세비야,HOME,1,,2.75,3.05,2.0
2010,23,27,25466,2010-03-21 15:00:00,제주SKFC,대전하나,HOME,0,,1.67,3.25,3.5
2010,23,27,25466,2010-03-21 15:00:00,제주SKFC,대전하나,HOME,1,,1.62,3.35,3.65
2010,23,39,25614,2010-03-22 01:00:00,마요르카,AT마드,HOME,0,,1.8,3.1,3.2
2010,23,39,25614,2010-03-22 01:00:00,마요르카,AT마드,HOME,1,,1.73,3.15,3.4
2010,24,2,25633,2010-03-24 18:00:00,애들유나,산프히로,HOME,0,,1.93,3.05,2.9
2010,24,2,25633,2010-03-24 18:00:00,애들유나,산프히로,HOME,1,,1.85,3.1,3.05
2010,24,11,25688,2010-03-25 04:45:00,맨체스C,에버턴,AWAY,0,,1.8,3.1,3.2
2010,24,11,25688,2010-03-25 04:45:00,맨체스C,에버턴,AWAY,1,,1.73,3.15,3.4
2010,24,15,25692,2010-03-25 04:45:00,볼로냐,AS로마,AWAY,0,,3.25,3.05,1.8
2010,24,15,25692,2010-03-25 04:45:00,볼로냐,AS로마,AWAY,1,,3.5,3.1,1.72
2010,24,16,25693,2010-03-25 04:45:00,카타니아,피오렌티,HOME,0,,2.6,2.85,2.2
2010,24,16,25693,2010-03-25 04:45:00,카타니아,피오렌티,HOME,1,,2.7,2.9,2.1
2010,25,8,25759,2010-03-27 18:00:00,FC서울,포항스틸,HOME,0,,2.05,3.0,2.7
2010,25,8,25759,2010-03-27 18:00:00,FC서울,포항스틸,HOME,1,,1.95,3.05,2.85
2010,25,27,25768,2010-03-28 15:00:00,김천상무,제주SKFC,DRAW,0,,3.25,3.05,1.8
2010,25,27,25768,2010-03-28 15:00:00,김천상무,제주SKFC,DRAW,1,,3.5,3.15,1.7
2010,25,29,25770,2010-03-28 15:00:00,강원FC,전남드래,HOME,0,,2.7,3.0,2.05
2010,25,29,25770,2010-03-28 15:00:00,강원FC,전남드래,HOME,1,,2.8,3.1,1.95
2010,26,1,25864,2010-03-31 17:30:00,멜버빅토,가와사키,HOME,0,,2.3,3.05,2.35
2010,26,1,25864,2010-03-31 17:30:00,멜버빅토,가와사키,HOME,1,,2.4,3.05,2.25
2010,26,9,25860,2010-04-01 03:45:00,아스널,바르셀로,DRAW,0,,2.65,2.95,2.1
2010,26,9,25860,2010-04-01 03:45:00,아스널,바르셀로,DRAW,1,,2.8,3.0,2.0
2010,26,24,25885,2010-04-02 04:05:00,풀럼,볼프스부,HOME,0,,2.1,2.95,2.65
2010,26,24,25885,2010-04-02 04:05:00,풀럼,볼프스부,HOME,1,,2.0,3.0,2.8
2010,26,27,25888,2010-04-02 04:05:00,SL벤피카,리버풀,HOME,0,,2.25,2.95,2.45
2010,26,27,25888,2010-04-02 04:05:00,SL벤피카,리버풀,HOME,1,,2.15,3.0,2.55
2010,27,9,25951,2010-04-03 20:45:00,맨체스U,첼시,AWAY,0,,2.3,2.95,2.4
2010,27,9,25951,2010-04-03 20:45:00,맨체스U,첼시,AWAY,1,,2.35,2.95,2.35
2010,27,11,25953,2010-04-03 22:00:00,FC 바리,AS로마,AWAY,0,,3.35,3.1,1.75
2010,27,11,25953,2010-04-03 22:00:00,FC 바리,AS로마,AWAY,1,,3.7,3.2,1.65
2010,27,20,25962,2010-04-03 23:00:00,포츠머스,블랙번,DRAW,0,,2.6,2.95,2.15
2010,27,20,25962,2010-04-03 23:00:00,포츠머스,블랙번,DRAW,1,,2.7,3.0,2.05
2010,27,24,25966,2010-04-04 01:30:00,번리,맨체스C,AWAY,0,,3.45,3.2,1.7
2010,27,24,25966,2010-04-04 01:30:00,번리,맨체스C,AWAY,1,,3.8,3.3,1.6
2010,27,26,25967,2010-04-04 02:00:00,카타니아,팔레르모,HOME,0,,2.25,2.6,2.75
2010,27,26,25967,2010-04-04 02:00:00,카타니아,팔레르모,HOME,1,,2.35,2.35,2.95
2010,28,10,25989,2010-04-08 03:45:00,맨체스U,바이뮌헨,HOME,0,,1.75,3.2,3.25
2010,28,10,25989,2010-04-08 03:45:00,맨체스U,바이뮌헨,HOME,1,,1.7,3.25,3.4
2010,28,39,25990,2010-04-09 04:05:00,AT마드,발렌시아,DRAW,0,,1.95,3.05,2.85
2010,28,39,25990,2010-04-09 04:05:00,AT마드,발렌시아,DRAW,1,,1.85,3.1,3.05
2010,29,10,26169,2010-04-11 01:00:00,A빌라,첼시,AWAY,0,,4.1,3.4,1.53
2010,29,10,26169,2010-04-11 01:00:00,A빌라,첼시,AWAY,1,,4.45,3.45,1.48
2010,29,19,26175,2010-04-11 03:45:00,피오렌티,인테르,DRAW,0,,3.0,2.9,1.95
2010,29,19,26175,2010-04-11 03:45:00,피오렌티,인테르,DRAW,1,,3.2,2.95,1.85
2010,29,40,26125,2010-04-11 15:00:00,강원FC,경남FC,AWAY,0,,3.05,3.1,1.85
2010,29,40,26125,2010-04-11 15:00:00,강원FC,경남FC,AWAY,1,,3.25,3.2,1.75
2010,29,60,26188,2010-04-12 03:45:00,삼프도리,제노아,HOME,0,,2.15,2.95,2.6
2010,29,60,26188,2010-04-12 03:45:00,삼프도리,제노아,HOME,1,,2.0,3.0,2.8
2010,29,61,26189,2010-04-12 04:00:00,마요르카,발렌시아,HOME,0,,2.15,3.0,2.55
2010,29,61,26189,2010-04-12 04:00:00,마요르카,발렌시아,HOME,1,,2.0,3.05,2.75
2010,30,7,26330,2010-04-14 19:00:00,가와사키,성남FC,HOME,0,,1.48,3.4,4.5
2010,30,7,26330,2010-04-14 19:00:00,가와사키,성남FC,HOME,1,,1.57,3.35,3.9
2010,30,20,26343,2010-04-15 04:00:00,토트넘,아스널,HOME,0,,2.5,3.05,2.15
2010,30,20,26343,2010-04-15 04:00:00,토트넘,아스널,HOME,1,,2.65,3.1,2.05
2010,31,7,26473,2010-04-17 23:00:00,버밍엄C,헐시티,DRAW,0,,1.6,3.2,3.95
2010,31,7,26473,2010-04-17 23:00:00,버밍엄C,헐시티,DRAW,1,,1.53,3.3,4.3
2010,31,14,26486,2010-04-18 01:30:00,토트넘,첼시,HOME,0,,3.3,3.15,1.75
2010,31,14,26486,2010-04-18 01:30:00,토트넘,첼시,HOME,1,,3.55,3.2,1.68
2010,31,21,26491,2010-04-18 05:00:00,비야레알,AT마드,HOME,0,,1.57,3.3,4.0
2010,31,21,26491,2010-04-18 05:00:00,비야레알,AT마드,HOME,1,,1.52,3.4,4.2
2010,31,49,26507,2010-04-18 22:00:00,우디네세,볼로냐,DRAW,0,,1.9,2.4,4.0
2010,31,49,26507,2010-04-18 22:00:00,우디네세,볼로냐,DRAW,1,,1.8,2.5,4.25
2010,33,17,26709,2010-04-25 01:30:00,아스널,맨체스C,DRAW,0,,1.65,3.3,3.55
2010,33,17,26709,2010-04-25 01:30:00,아스널,맨체스C,DRAW,1,,1.75,3.3,3.15
2010,35,2,26937,2010-05-01 15:00:00,전남드래,수원삼성,HOME,0,,2.0,3.05,2.75
2010,35,2,26937,2010-05-01 15:00:00,전남드래,수원삼성,HOME,1,,2.1,3.05,2.6
2010,35,9,26940,2010-05-01 23:00:00,맨체스C,A빌라,HOME,0,,1.83,3.1,3.1
2010,35,9,26940,2010-05-01 23:00:00,맨체스C,A빌라,HOME,1,,1.75,3.15,3.3
2010,35,45,26962,2010-05-02 21:30:00,리버풀,첼시,AWAY,0,,3.05,3.1,1.85
2010,35,45,26962,2010-05-02 21:30:00,리버풀,첼시,AWAY,1,,3.3,3.15,1.75
2010,36,11,26952,2010-05-05 15:30:00,전남드래,전북현대,HOME,0,,2.9,3.0,1.95
2010,36,11,26952,2010-05-05 15:30:00,전남드래,전북현대,HOME,1,,2.95,3.05,1.9
2010,36,17,27078,2010-05-06 03:00:00,라싱산탄,세비야,AWAY,0,,2.75,3.05,2.0
2010,36,17,27078,2010-05-06 03:00:00,라싱산탄,세비야,AWAY,1,,2.95,3.1,1.9
2010,36,21,27074,2010-05-06 03:45:00,인테르,AS로마,HOME,0,,2.4,2.95,2.3
2010,36,21,27074,2010-05-06 03:45:00,인테르,AS로마,HOME,1,,2.3,2.95,2.4
2010,36,22,27080,2010-05-06 04:00:00,풀럼,스토크C,AWAY,0,,1.72,3.2,3.35
2010,36,22,27080,2010-05-06 04:00:00,풀럼,스토크C,AWAY,1,,1.65,3.25,3.6
2010,36,25,27082,2010-05-06 05:00:00,마요르카,레알마드,AWAY,0,,3.65,3.3,1.63
2010,36,25,27082,2010-05-06 05:00:00,마요르카,레알마드,AWAY,1,,3.9,3.35,1.57
2010,37,16,27267,2010-05-09 04:00:00,세비야,바르셀로,AWAY,0,,4.2,3.35,1.53
2010,37,16,27267,2010-05-09 04:00:00,세비야,바르셀로,AWAY,1,,4.4,3.45,1.48
2010,37,21,27272,2010-05-09 04:00:00,데포라코,마요르카,HOME,0,,2.5,3.0,2.2
2010,37,21,27272,2010-05-09 04:00:00,데포라코,마요르카,HOME,1,,2.6,3.05,2.1
2010,37,37,27181,2010-05-09 15:00:00,인천유나,FC서울,HOME,0,,2.9,3.0,1.95
2010,37,37,27181,2010-05-09 15:00:00,인천유나,FC서울,HOME,1,,3.1,3.05,1.85
2010,37,41,27184,2010-05-09 22:00:00,제노아,AC밀란,HOME,0,,2.65,2.95,2.1
2010,37,41,27184,2010-05-09 22:00:00,제노아,AC밀란,HOME,1,,2.85,3.0,1.98
2010,37,57,27200,2010-05-10 00:00:00,웨스트햄,맨체스C,DRAW,0,,2.65,3.05,2.05
2010,37,57,27200,2010-05-10 00:00:00,웨스트햄,맨체스C,DRAW,1,,2.8,3.1,1.95
2010,39,10,27429,2010-05-16 03:00:00,AT마드,헤타페,AWAY,0,,3.1,3.2,1.8
2010,39,10,27429,2010-05-16 03:00:00,AT마드,헤타페,AWAY,1,,3.35,3.3,1.7
2010,39,26,27394,2010-05-16 19:00:00,한국,에콰도르,HOME,0,,1.63,3.15,3.85
2010,39,26,27394,2010-05-16 19:00:00,한국,에콰도르,HOME,1,,1.58,3.25,4.0
2010,39,28,27384,2010-05-16 22:00:00,FC 바리,피오렌티,HOME,0,,2.1,2.95,2.65
2010,39,28,27384,2010-05-16 22:00:00,FC 바리,피오렌티,HOME,1,,2.0,3.0,2.8
2010,39,41,27484,2010-05-17 02:00:00,오사수나,헤레스,DRAW,0,,1.92,3.2,2.8
2010,39,41,27484,2010-05-17 02:00:00,오사수나,헤레스,DRAW,1,,1.85,3.25,2.9
2010,40,5,27516,2010-05-20 03:30:00,오스트리,크로아티,AWAY,0,,2.85,3.0,1.97
2010,40,5,27516,2010-05-20 03:30:00,오스트리,크로아티,AWAY,1,,2.95,3.05,1.9
2010,40,6,27517,2010-05-20 03:45:00,벨기에,불가리아,HOME,0,,1.9,3.0,3.0
2010,40,6,27517,2010-05-20 03:45:00,벨기에,불가리아,HOME,1,,1.83,3.05,3.15
2010,41,2,27672,2010-05-22 17:00:00,전북현대,경남FC,HOME,0,,1.75,3.15,3.3
2010,41,2,27672,2010-05-22 17:00:00,전북현대,경남FC,HOME,1,,1.85,3.15,3.0
2010,41,7,27673,2010-05-22 19:00:00,대전하나,부산아이,AWAY,0,,2.35,2.95,2.35
2010,41,7,27673,2010-05-22 19:00:00,대전하나,부산아이,AWAY,1,,2.4,2.95,2.3
2010,41,10,27674,2010-05-23 03:45:00,바이뮌헨,인테르,AWAY,0,,2.6,2.95,2.15
2010,41,10,27674,2010-05-23 03:45:00,바이뮌헨,인테르,AWAY,1,,2.7,3.0,2.05
2010,41,25,27675,2010-05-23 15:00:00,성남FC,울산HDFC,DRAW,0,,1.95,3.0,2.9
2010,41,25,27675,2010-05-23 15:00:00,성남FC,울산HDFC,DRAW,1,,1.85,3.05,3.1
2010,41,26,27676,2010-05-23 15:00:00,대구FC,포항스틸,AWAY,0,,3.25,3.2,1.75
2010,41,26,27676,2010-05-23 15:00:00,대구FC,포항스틸,AWAY,1,,3.05,3.25,1.8
2010,41,27,27677,2010-05-23 19:00:00,김천상무,FC서울,DRAW,0,,3.6,3.2,1.67
2010,41,27,27677,2010-05-23 19:00:00,김천상무,FC서울,DRAW,1,,3.8,3.3,1.6
2010,42,32,27770,2010-05-28 03:15:00,덴마크,세네갈,HOME,0,,1.63,3.2,3.8
2010,42,32,27770,2010-05-28 03:15:00,덴마크,세네갈,HOME,1,,1.55,3.3,4.1
2010,43,13,27820,2010-05-30 02:00:00,스웨덴,보스니아,HOME,0,,1.7,3.1,3.55
2010,43,13,27820,2010-05-30 02:00:00,스웨덴,보스니아,HOME,1,,1.62,3.2,3.8
2010,43,16,27811,2010-05-30 02:30:00,우크라이,루마니아,HOME,0,,1.8,3.15,3.15
2010,43,16,27811,2010-05-30 02:30:00,우크라이,루마니아,HOME,1,,1.7,3.2,3.45
2010,43,33,27823,2010-05-30 15:00:00,부산아이,인천유나,HOME,0,,2.2,3.0,2.5
2010,43,33,27823,2010-05-30 15:00:00,부산아이,인천유나,HOME,1,,2.1,3.05,2.6
2010,43,39,27831,2010-05-31 04:00:00,튀니지,프랑스,DRAW,0,,3.7,3.2,1.65
2010,43,39,27831,2010-05-31 04:00:00,튀니지,프랑스,DRAW,1,,3.9,3.25,1.6
2010,44,4,27958,2010-06-02 17:00:00,대전하나,인천유나,HOME,0,,3.0,3.0,1.9
2010,44,4,27958,2010-06-02 17:00:00,대전하나,인천유나,HOME,1,,3.2,3.05,1.82
2010,44,9,27959,2010-06-02 19:00:00,전남드래,강원FC,HOME,0,,1.57,3.3,4.0
2010,44,9,27959,2010-06-02 19:00:00,전남드래,강원FC,HOME,1,,1.5,3.4,4.4
2010,44,10,27960,2010-06-02 19:00:00,김천상무,성남FC,DRAW,0,,3.7,3.25,1.63
2010,44,10,27960,2010-06-02 19:00:00,김천상무,성남FC,DRAW,1,,4.1,3.3,1.55
2010,44,12,27962,2010-06-03 02:00:00,루마니아,북마케도,AWAY,0,,1.57,3.3,4.0
2010,44,12,27962,2010-06-03 02:00:00,루마니아,북마케도,AWAY,1,,1.52,3.4,4.2
2010,44,15,27964,2010-06-03 02:30:00,벨라루스,스웨덴,AWAY,0,,3.5,3.15,1.7
2010,44,15,27964,2010-06-03 02:30:00,벨라루스,스웨덴,AWAY,1,,3.8,3.2,1.63
2010,45,6,28075,2010-06-05 21:15:00,남아공,덴마크,HOME,0,,2.4,2.95,2.3
2010,45,6,28075,2010-06-05 21:15:00,남아공,덴마크,HOME,1,,2.3,2.95,2.4
2010,45,7,28076,2010-06-05 21:30:00,미국,호주,HOME,0,,2.1,2.95,2.65
2010,45,7,28076,2010-06-05 21:30:00,미국,호주,HOME,1,,2.0,3.0,2.8
2010,45,8,28077,2010-06-05 23:00:00,가나,라트비아,HOME,0,,1.57,3.25,4.1
2010,45,8,28077,2010-06-05 23:00:00,가나,라트비아,HOME,1,,1.52,3.3,4.4
2010,45,9,28078,2010-06-06 00:00:00,슬로바키,코스타리,HOME,0,,1.7,3.1,3.6
2010,45,9,28078,2010-06-06 00:00:00,슬로바키,코스타리,HOME,1,,1.65,3.15,3.75
2010,45,32,28084,2010-06-06 15:00:00,부산아이,대구FC,AWAY,0,,1.6,3.3,3.8
2010,45,32,28084,2010-06-06 15:00:00,부산아이,대구FC,AWAY,1,,1.65,3.3,3.55
2010,47,5,27629,2010-06-12 20:30:00,한국,그리스,HOME,0,,2.5,2.8,2.3
2010,47,5,27629,2010-06-12 20:30:00,한국,그리스,HOME,1,,2.4,2.85,2.35
2010,47,23,27636,2010-06-13 20:30:00,알제리,슬로베니,AWAY,0,,2.9,2.95,1.97
2010,47,23,27636,2010-06-13 20:30:00,알제리,슬로베니,AWAY,1,,3.1,3.0,1.87
2010,47,24,27641,2010-06-13 23:00:00,세르비아,가나,AWAY,0,,1.87,2.95,3.15
2010,47,24,27641,2010-06-13 23:00:00,세르비아,가나,AWAY,1,,1.8,3.0,3.3
2010,48,24,27632,2010-06-17 23:00:00,그리스,나이지리,HOME,0,,3.45,3.05,1.75
2010,48,24,27632,2010-06-17 23:00:00,그리스,나이지리,HOME,1,,3.65,3.15,1.67
2010,48,25,27626,2010-06-18 03:30:00,프랑스,멕시코,AWAY,0,,2.05,2.85,2.85
2010,48,25,27626,2010-06-18 03:30:00,프랑스,멕시코,AWAY,1,,1.97,2.95,2.9
2010,49,6,27644,2010-06-19 23:00:00,가나,호주,DRAW,0,,1.77,3.05,3.35
2010,49,6,27644,2010-06-19 23:00:00,가나,호주,DRAW,1,,1.68,3.15,3.6
2010,49,10,27650,2010-06-20 03:30:00,카메룬,덴마크,AWAY,0,,2.8,3.0,2.0
2010,49,10,27650,2010-06-20 03:30:00,카메룬,덴마크,AWAY,1,,2.95,3.05,1.9
2010,49,23,27655,2010-06-20 20:30:00,슬로바키,파라과이,AWAY,0,,3.25,3.1,1.78
2010,49,23,27655,2010-06-20 20:30:00,슬로바키,파라과이,AWAY,1,,3.4,3.15,1.73
2010,49,25,27661,2010-06-21 03:30:00,브라질,코트디부,HOME,0,,1.43,3.4,5.1
2010,49,25,27661,2010-06-21 03:30:00,브라질,코트디부,HOME,1,,1.38,3.5,5.6
2010,50,5,27639,2010-06-23 23:00:00,슬로베니,잉글랜드,AWAY,0,,5.1,3.55,1.4
2010,50,5,27639,2010-06-23 23:00:00,슬로베니,잉글랜드,AWAY,1,,5.7,3.65,1.35
2010,50,6,27640,2010-06-23 23:00:00,미국,알제리,HOME,0,,1.6,3.4,3.7
2010,50,6,27640,2010-06-23 23:00:00,미국,알제리,HOME,1,,1.53,3.5,4.0
2010,50,7,27645,2010-06-24 03:30:00,가나,독일,AWAY,0,,4.7,3.45,1.45
2010,50,7,27645,2010-06-24 03:30:00,가나,독일,AWAY,1,,5.1,3.55,1.4
2010,50,8,27646,2010-06-24 03:30:00,호주,세르비아,HOME,0,,3.55,3.3,1.65
2010,50,8,27646,2010-06-24 03:30:00,호주,세르비아,HOME,1,,3.8,3.4,1.58
2010,50,24,27657,2010-06-24 23:00:00,슬로바키,이탈리아,HOME,0,,4.6,3.4,1.47
2010,50,24,27657,2010-06-24 23:00:00,슬로바키,이탈리아,HOME,1,,5.0,3.5,1.42
2010,50,26,27651,2010-06-25 03:30:00,덴마크,일본,AWAY,0,,1.77,3.1,3.3
2010,50,26,27651,2010-06-25 03:30:00,덴마크,일본,AWAY,1,,1.73,3.15,3.4
2010,51,5,28585,2010-06-26 23:00:00,우루과이,한국,HOME,0,,1.68,3.2,3.55
2010,51,5,28585,2010-06-26 23:00:00,우루과이,한국,HOME,1,,1.63,3.3,3.65
2010,51,8,28586,2010-06-27 03:30:00,미국,가나,DRAW,0,,2.05,3.05,2.65
2010,51,8,28586,2010-06-27 03:30:00,미국,가나,DRAW,1,,1.98,3.1,2.75
2010,51,22,28587,2010-06-27 23:00:00,독일,잉글랜드,HOME,0,,2.35,2.95,2.35
2010,51,22,28587,2010-06-27 23:00:00,독일,잉글랜드,HOME,1,,2.3,2.95,2.4
2010,51,23,28588,2010-06-28 03:30:00,아르헨티,멕시코,HOME,0,,1.42,3.55,4.9
2010,51,23,28588,2010-06-28 03:30:00,아르헨티,멕시코,HOME,1,,1.38,3.65,5.2
2010,52,5,28732,2010-06-29 23:00:00,파라과이,일본,DRAW,0,,1.75,3.1,3.35
2010,52,5,28732,2010-06-29 23:00:00,파라과이,일본,DRAW,1,,1.7,3.15,3.5
2010,52,6,28733,2010-06-30 03:30:00,스페인,포르투갈,HOME,0,,1.68,3.1,3.65
2010,52,6,28733,2010-06-30 03:30:00,스페인,포르투갈,HOME,1,,1.63,3.15,3.85
2010,53,5,28830,2010-07-02 23:00:00,네덜란드,브라질,HOME,0,,3.2,3.15,1.78
2010,53,5,28830,2010-07-02 23:00:00,네덜란드,브라질,HOME,1,,3.35,3.2,1.73
2010,53,8,28831,2010-07-03 03:30:00,우루과이,가나,DRAW,0,,1.95,2.95,2.95
2010,53,8,28831,2010-07-03 03:30:00,우루과이,가나,DRAW,1,,1.85,3.05,3.1
2010,53,22,28832,2010-07-03 23:00:00,아르헨티,독일,AWAY,0,,2.0,3.0,2.8
2010,53,22,28832,2010-07-03 23:00:00,아르헨티,독일,AWAY,1,,1.93,3.05,2.9
2010,54,5,28908,2010-07-07 03:30:00,우루과이,네덜란드,AWAY,0,,3.9,3.25,1.6
2010,54,5,28908,2010-07-07 03:30:00,우루과이,네덜란드,AWAY,1,,4.3,3.35,1.52
2010,54,21,28909,2010-07-08 03:30:00,독일,스페인,AWAY,0,,2.3,2.95,2.4
2010,54,21,28909,2010-07-08 03:30:00,독일,스페인,AWAY,1,,2.2,3.0,2.5
2010,55,5,29018,2010-07-10 20:00:00,전북현대,대구FC,HOME,0,,1.3,3.6,7.0
2010,55,5,29018,2010-07-10 20:00:00,전북현대,대구FC,HOME,1,,1.25,3.8,7.9
2010,55,8,29016,2010-07-11 03:30:00,우루과이,독일,AWAY,0,,3.7,3.3,1.62
2010,55,8,29016,2010-07-11 03:30:00,우루과이,독일,AWAY,1,,3.85,3.35,1.58
2010,55,23,29017,2010-07-12 03:30:00,네덜란드,스페인,DRAW,0,,2.95,3.0,1.92
2010,55,23,29017,2010-07-12 03:30:00,네덜란드,스페인,DRAW,1,,3.05,3.05,1.87
2010,56,5,29040,2010-07-14 19:00:00,전북현대,울산HDFC,HOME,0,,2.15,3.0,2.55
2010,56,5,29040,2010-07-14 19:00:00,전북현대,울산HDFC,HOME,1,,2.1,3.05,2.6
2010,56,7,29042,2010-07-14 19:00:00,부산아이,수원삼성,DRAW,0,,2.05,3.0,2.7
2010,56,7,29042,2010-07-14 19:00:00,부산아이,수원삼성,DRAW,1,,2.0,3.05,2.75
2010,57,6,29090,2010-07-17 19:00:00,대전하나,전북현대,AWAY,0,,5.4,3.45,1.4
2010,57,6,29090,2010-07-17 19:00:00,대전하나,전북현대,AWAY,1,,5.8,3.6,1.35
2010,57,8,29092,2010-07-17 19:00:00,제주SKFC,강원FC,HOME,0,,1.45,3.45,4.7
2010,57,8,29092,2010-07-17 19:00:00,제주SKFC,강원FC,HOME,1,,1.42,3.5,5.0
2010,57,25,29094,2010-07-18 16:00:00,대구FC,수원삼성,AWAY,0,,2.95,3.05,1.9
2010,57,25,29094,2010-07-18 16:00:00,대구FC,수원삼성,AWAY,1,,3.2,3.1,1.8
2010,58,5,29126,2010-07-21 19:00:00,대전하나,성남FC,AWAY,0,,5.4,3.45,1.4
2010,58,5,29126,2010-07-21 19:00:00,대전하나,성남FC,AWAY,1,,5.9,3.55,1.35
2010,58,6,29127,2010-07-21 19:00:00,제주SKFC,울산HDFC,HOME,0,,1.95,2.95,2.95
2010,58,6,29127,2010-07-21 19:00:00,제주SKFC,울산HDFC,HOME,1,,1.9,3.0,3.0
2010,58,7,29128,2010-07-21 19:00:00,부산아이,FC서울,HOME,0,,2.45,3.05,2.2
2010,58,7,29128,2010-07-21 19:00:00,부산아이,FC서울,HOME,1,,2.35,3.05,2.3
2010,58,9,29130,2010-07-21 19:00:00,김천상무,포항스틸,DRAW,0,,2.9,3.0,1.95
2010,58,9,29130,2010-07-21 19:00:00,김천상무,포항스틸,DRAW,1,,2.95,3.05,1.9
2010,59,3,29161,2010-07-24 19:00:00,대전하나,성남FC,AWAY,0,,5.6,3.55,1.37
2010,59,3,29161,2010-07-24 19:00:00,대전하나,성남FC,AWAY,1,,6.3,3.65,1.32
2010,59,4,29162,2010-07-24 19:00:00,인천유나,제주SKFC,AWAY,0,,2.2,3.0,2.5
2010,59,4,29162,2010-07-24 19:00:00,인천유나,제주SKFC,AWAY,1,,2.3,2.95,2.4
2010,59,20,29166,2010-07-25 18:00:00,말레이시,한국,HOME,0,,5.5,3.4,1.4
2010,59,20,29166,2010-07-25 18:00:00,말레이시,한국,HOME,1,,6.0,3.55,1.35
2010,59,21,29163,2010-07-25 19:00:00,포항스틸,수원삼성,DRAW,0,,2.15,3.0,2.55
2010,59,21,29163,2010-07-25 19:00:00,포항스틸,수원삼성,DRAW,1,,2.2,3.05,2.45
2010,59,23,29165,2010-07-25 19:00:00,대구FC,경남FC,DRAW,0,,3.95,3.3,1.58
2010,59,23,29165,2010-07-25 19:00:00,대구FC,경남FC,DRAW,1,,4.2,3.4,1.52
2010,60,5,29274,2010-07-28 19:00:00,전북현대,경남FC,HOME,0,,1.55,3.3,4.1
2010,60,5,29274,2010-07-28 19:00:00,전북현대,경남FC,HOME,1,,1.5,3.35,4.4
2010,61,5,29352,2010-07-31 19:00:00,성남FC,대구FC,AWAY,0,,1.33,3.7,5.9
2010,61,5,29352,2010-07-31 19:00:00,성남FC,대구FC,AWAY,1,,1.3,3.8,6.3
2010,61,6,29353,2010-07-31 19:00:00,울산HDFC,대전하나,HOME,0,,1.33,3.6,6.2
2010,61,6,29353,2010-07-31 19:00:00,울산HDFC,대전하나,HOME,1,,1.3,3.7,6.6
2010,61,7,29349,2010-07-31 19:00:00,전북현대,부산아이,HOME,0,,1.65,3.15,3.75
2010,61,7,29349,2010-07-31 19:00:00,전북현대,부산아이,HOME,1,,1.6,3.2,3.95
2010,61,8,29354,2010-07-31 19:00:00,경남FC,인천유나,HOME,0,,1.85,3.1,3.05
2010,61,8,29354,2010-07-31 19:00:00,경남FC,인천유나,HOME,1,,1.95,3.05,2.85
2010,61,11,29355,2010-07-31 19:30:00,수원삼성,김천상무,HOME,0,,1.53,3.3,4.3
2010,61,11,29355,2010-07-31 19:30:00,수원삼성,김천상무,HOME,1,,1.48,3.4,4.5
2010,63,5,29465,2010-08-07 19:00:00,제주SKFC,김천상무,HOME,0,,1.32,3.6,6.4
2010,63,5,29465,2010-08-07 19:00:00,제주SKFC,김천상무,HOME,1,,1.28,3.7,7.2
2010,63,6,29466,2010-08-07 19:00:00,대구FC,대전하나,AWAY,0,,1.9,3.2,2.85
2010,63,6,29466,2010-08-07 19:00:00,대구FC,대전하나,AWAY,1,,1.95,3.25,2.7
2010,63,8,29468,2010-08-07 20:00:00,인천유나,수원삼성,AWAY,0,,2.4,2.95,2.3
2010,63,8,29468,2010-08-07 20:00:00,인천유나,수원삼성,AWAY,1,,2.5,3.0,2.2
2010,63,25,29470,2010-08-08 19:00:00,부산아이,경남FC,AWAY,0,,2.25,2.95,2.45
2010,63,25,29470,2010-08-08 19:00:00,부산아이,경남FC,AWAY,1,,2.15,3.0,2.55
2010,64,6,29559,2010-08-12 00:00:00,러시아,불가리아,HOME,0,,1.4,3.6,5.0
2010,64,6,29559,2010-08-12 00:00:00,러시아,불가리아,HOME,1,,1.35,3.7,5.6
2010,64,12,29562,2010-08-12 03:00:00,스웨덴,스코틀랜,HOME,0,,1.45,3.4,4.8
2010,64,12,29562,2010-08-12 03:00:00,스웨덴,스코틀랜,HOME,1,,1.4,3.5,5.2
2010,64,14,29563,2010-08-12 03:15:00,튀르키예,루마니아,HOME,0,,1.6,3.25,3.9
2010,64,14,29563,2010-08-12 03:15:00,튀르키예,루마니아,HOME,1,,1.55,3.3,4.1
2010,64,18,29567,2010-08-12 03:30:00,세르비아,그리스,AWAY,0,,1.7,3.15,3.5
2010,64,18,29567,2010-08-12 03:30:00,세르비아,그리스,AWAY,1,,1.63,3.25,3.7
2010,64,24,29573,2010-08-12 03:45:00,슬로베니,호주,HOME,0,,2.05,2.95,2.75
2010,64,24,29573,2010-08-12 03:45:00,슬로베니,호주,HOME,1,,1.95,3.0,2.9
2010,65,5,29640,2010-08-14 19:00:00,김천상무,부산아이,DRAW,0,,3.1,3.05,1.85
2010,65,5,29640,2010-08-14 19:00:00,김천상무,부산아이,DRAW,1,,3.2,3.1,1.8
2010,65,7,29635,2010-08-14 19:00:00,경남FC,전북현대,HOME,0,,3.15,3.1,1.82
2010,65,7,29635,2010-08-14 19:00:00,경남FC,전북현대,HOME,1,,3.3,3.15,1.75
2010,65,9,29637,2010-08-14 19:00:00,전남드래,제주SKFC,HOME,0,,2.55,3.0,2.15
2010,65,9,29637,2010-08-14 19:00:00,전남드래,제주SKFC,HOME,1,,2.7,3.0,2.05
2010,65,11,29628,2010-08-14 20:45:00,토트넘,맨체스C,DRAW,0,,2.0,3.1,2.7
2010,65,11,29628,2010-08-14 20:45:00,토트넘,맨체스C,DRAW,1,,1.9,3.15,2.9
2010,65,12,29630,2010-08-14 23:00:00,A빌라,웨스트햄,HOME,0,,1.62,3.2,3.85
2010,65,12,29630,2010-08-14 23:00:00,A빌라,웨스트햄,HOME,1,,1.55,3.3,4.1
2010,65,13,29629,2010-08-14 23:00:00,블랙번,에버턴,HOME,0,,2.45,2.95,2.25
2010,65,13,29629,2010-08-14 23:00:00,블랙번,에버턴,HOME,1,,2.6,2.95,2.15
2010,65,14,29631,2010-08-14 23:00:00,볼턴,풀럼,DRAW,0,,1.93,3.0,2.95
2010,65,14,29631,2010-08-14 23:00:00,볼턴,풀럼,DRAW,1,,1.85,3.05,3.1
2010,65,15,29632,2010-08-14 23:00:00,선덜랜드,버밍엄C,DRAW,0,,1.85,3.05,3.1
2010,65,15,29632,2010-08-14 23:00:00,선덜랜드,버밍엄C,DRAW,1,,1.75,3.15,3.3
2010,65,16,29634,2010-08-14 23:00:00,위건,블랙풀,AWAY,0,,1.6,3.2,3.95
2010,65,16,29634,2010-08-14 23:00:00,위건,블랙풀,AWAY,1,,1.55,3.25,4.2
2010,65,19,29766,2010-08-15 04:30:00,세비야,바르셀로,HOME,0,,2.55,3.1,2.1
2010,65,19,29766,2010-08-15 04:30:00,세비야,바르셀로,HOME,1,,2.7,3.15,2.0
2010,65,35,29641,2010-08-15 17:00:00,대구FC,포항스틸,AWAY,0,,3.55,3.2,1.68
2010,65,35,29641,2010-08-15 17:00:00,대구FC,포항스틸,AWAY,1,,3.8,3.25,1.62
2010,66,5,29784,2010-08-18 19:00:00,전남드래,김천상무,HOME,0,,1.48,3.4,4.5
2010,66,5,29784,2010-08-18 19:00:00,전남드래,김천상무,HOME,1,,1.43,3.5,4.9
2010,66,7,29786,2010-08-18 19:30:00,성남FC,제주SKFC,AWAY,0,,2.0,3.0,2.8
2010,66,7,29786,2010-08-18 19:30:00,성남FC,제주SKFC,AWAY,1,,1.95,3.0,2.9
2010,66,8,29787,2010-08-18 20:00:00,부산아이,인천유나,DRAW,0,,1.8,3.15,3.15
2010,66,8,29787,2010-08-18 20:00:00,부산아이,인천유나,DRAW,1,,1.72,3.2,3.35
2010,67,5,29848,2010-08-21 19:00:00,제주SKFC,부산아이,HOME,0,,1.58,3.3,3.95
2010,67,5,29848,2010-08-21 19:00:00,제주SKFC,부산아이,HOME,1,,1.53,3.35,4.2
2010,67,7,29851,2010-08-21 19:30:00,수원삼성,대구FC,HOME,0,,1.37,3.6,5.5
2010,67,7,29851,2010-08-21 19:30:00,수원삼성,대구FC,HOME,1,,1.33,3.7,5.9
2010,67,8,29850,2010-08-21 20:00:00,FC서울,강원FC,HOME,0,,1.28,3.75,7.0
2010,67,8,29850,2010-08-21 20:00:00,FC서울,강원FC,HOME,1,,1.25,3.9,7.5
2010,67,10,29852,2010-08-21 23:00:00,버밍엄C,블랙번,HOME,0,,1.95,3.0,2.9
2010,67,10,29852,2010-08-21 23:00:00,버밍엄C,블랙번,HOME,1,,1.87,3.05,3.05
2010,67,12,29854,2010-08-21 23:00:00,스토크C,토트넘,AWAY,0,,2.8,3.0,2.0
2010,67,12,29854,2010-08-21 23:00:00,스토크C,토트넘,AWAY,1,,2.9,3.05,1.93
2010,67,17,29902,2010-08-22 03:30:00,바르셀로,세비야,HOME,0,,1.3,3.75,6.5
2010,67,17,29902,2010-08-22 03:30:00,바르셀로,세비야,HOME,1,,1.25,3.95,7.3
2010,67,37,29861,2010-08-23 00:00:00,풀럼,맨체스U,DRAW,0,,4.9,3.55,1.42
2010,67,37,29861,2010-08-23 00:00:00,풀럼,맨체스U,DRAW,1,,5.2,3.65,1.38
2010,69,4,29923,2010-08-28 19:00:00,김천상무,경남FC,DRAW,0,,4.1,3.3,1.55
2010,69,4,29923,2010-08-28 19:00:00,김천상무,경남FC,DRAW,1,,4.4,3.4,1.5
2010,69,5,29924,2010-08-28 19:00:00,대전하나,제주SKFC,AWAY,0,,3.7,3.2,1.65
2010,69,5,29924,2010-08-28 19:00:00,대전하나,제주SKFC,AWAY,1,,3.9,3.25,1.6
2010,69,9,29931,2010-08-28 20:45:00,블랙번,아스널,AWAY,0,,4.2,3.25,1.55
2010,69,9,29931,2010-08-28 20:45:00,블랙번,아스널,AWAY,1,,4.5,3.3,1.5
2010,69,10,29933,2010-08-28 23:00:00,블랙풀,풀럼,DRAW,0,,2.5,2.9,2.25
2010,69,10,29933,2010-08-28 23:00:00,블랙풀,풀럼,DRAW,1,,2.6,2.95,2.15
2010,69,17,30009,2010-08-29 01:00:00,에르쿨레,빌바오,AWAY,0,,2.3,2.95,2.4
2010,69,17,30009,2010-08-29 01:00:00,에르쿨레,빌바오,AWAY,1,,2.2,3.0,2.5
2010,69,23,30011,2010-08-29 05:00:00,레반테,세비야,AWAY,0,,3.05,3.1,1.85
2010,69,23,30011,2010-08-29 05:00:00,레반테,세비야,AWAY,1,,3.2,3.15,1.78
2010,69,38,29928,2010-08-29 19:00:00,부산아이,전남드래,HOME,0,,1.75,3.2,3.25
2010,69,38,29928,2010-08-29 19:00:00,부산아이,전남드래,HOME,1,,1.68,3.3,3.45
2010,69,41,29938,2010-08-29 23:00:00,선덜랜드,맨체스C,HOME,0,,3.45,3.15,1.72
2010,69,41,29938,2010-08-29 23:00:00,선덜랜드,맨체스C,HOME,1,,3.6,3.25,1.65
2010,69,55,30026,2010-08-30 03:45:00,삼프도리,라치오,HOME,0,,1.9,3.0,3.0
2010,69,55,30026,2010-08-30 03:45:00,삼프도리,라치오,HOME,1,,1.8,3.1,3.2
2010,70,5,30220,2010-09-01 19:30:00,성남FC,수원삼성,DRAW,0,,2.3,2.95,2.4
2010,70,5,30220,2010-09-01 19:30:00,성남FC,수원삼성,DRAW,1,,2.4,2.95,2.3
2010,71,4,30356,2010-09-04 19:00:00,전북현대,포항스틸,HOME,0,,1.7,3.15,3.5
2010,71,4,30356,2010-09-04 19:00:00,전북현대,포항스틸,HOME,1,,1.63,3.25,3.7
2010,71,5,30357,2010-09-04 19:00:00,제주SKFC,울산HDFC,HOME,0,,1.65,3.15,3.75
2010,71,5,30357,2010-09-04 19:00:00,제주SKFC,울산HDFC,HOME,1,,1.6,3.2,3.95
2010,71,6,30358,2010-09-04 19:00:00,전남드래,대전하나,HOME,0,,1.5,3.35,4.4
2010,71,6,30358,2010-09-04 19:00:00,전남드래,대전하나,HOME,1,,1.45,3.45,4.7
2010,71,7,30359,2010-09-04 19:00:00,강원FC,수원삼성,AWAY,0,,3.55,3.3,1.65
2010,71,7,30359,2010-09-04 19:00:00,강원FC,수원삼성,AWAY,1,,3.8,3.4,1.58
2010,71,8,30360,2010-09-04 20:00:00,FC서울,김천상무,HOME,0,,1.25,4.0,7.1
2010,71,8,30360,2010-09-04 20:00:00,FC서울,김천상무,HOME,1,,1.2,4.4,7.7
2010,71,10,30355,2010-09-04 19:30:00,대구FC,성남FC,DRAW,0,,4.2,3.5,1.5
2010,71,10,30355,2010-09-04 19:30:00,대구FC,성남FC,DRAW,1,,4.5,3.6,1.45
2010,71,11,30361,2010-09-04 20:00:00,인천유나,부산아이,DRAW,0,,2.25,3.05,2.4
2010,71,11,30361,2010-09-04 20:00:00,인천유나,부산아이,DRAW,1,,2.15,3.05,2.5
2010,71,21,30393,2010-09-05 06:30:00,캐나다,페루,AWAY,0,,2.8,3.0,2.0
2010,71,21,30393,2010-09-05 06:30:00,캐나다,페루,AWAY,1,,2.95,3.05,1.9
2010,73,7,30516,2010-09-11 20:00:00,수원삼성,제주SKFC,AWAY,0,,2.05,2.95,2.75
2010,73,7,30516,2010-09-11 20:00:00,수원삼성,제주SKFC,AWAY,1,,1.97,3.0,2.85
2010,73,8,30583,2010-09-11 20:45:00,에버턴,맨체스U,DRAW,0,,3.7,3.2,1.65
2010,73,8,30583,2010-09-11 20:45:00,에버턴,맨체스U,DRAW,1,,3.85,3.3,1.6
2010,73,12,30520,2010-09-11 23:00:00,뉴캐슬U,블랙풀,AWAY,0,,1.47,3.4,4.6
2010,73,12,30520,2010-09-11 23:00:00,뉴캐슬U,블랙풀,AWAY,1,,1.42,3.5,5.0
2010,73,13,30521,2010-09-11 23:00:00,웨스브로,토트넘,DRAW,0,,3.1,3.05,1.85
2010,73,13,30521,2010-09-11 23:00:00,웨스브로,토트넘,DRAW,1,,3.25,3.15,1.77
2010,73,19,30594,2010-09-12 01:00:00,인테르,우디네세,HOME,0,,1.28,3.85,6.7
2010,73,19,30594,2010-09-12 01:00:00,인테르,우디네세,HOME,1,,1.23,4.0,7.8
2010,73,41,30545,2010-09-12 15:10:00,김천상무,인천유나,DRAW,0,,2.6,2.95,2.15
2010,73,41,30545,2010-09-12 15:10:00,김천상무,인천유나,DRAW,1,,2.75,2.95,2.05
2010,74,4,30628,2010-09-15 19:00:00,전북현대,S알샤바,AWAY,0,,1.65,3.25,3.6
2010,74,4,30628,2010-09-15 19:00:00,전북현대,S알샤바,AWAY,1,,1.6,3.3,3.8
2010,74,6,30630,2010-09-15 23:00:00,조브아한,포항스틸,HOME,0,,1.85,3.1,3.05
2010,74,6,30630,2010-09-15 23:00:00,조브아한,포항스틸,HOME,1,,1.77,3.15,3.25
2010,74,10,30634,2010-09-16 03:45:00,바이뮌헨,AS로마,HOME,0,,1.6,3.2,3.95
2010,74,10,30634,2010-09-16 03:45:00,바이뮌헨,AS로마,HOME,1,,1.55,3.3,4.1
2010,74,47,30766,2010-09-17 04:05:00,PSV,삼프도리,DRAW,0,,2.15,2.95,2.6
2010,74,47,30766,2010-09-17 04:05:00,PSV,삼프도리,DRAW,1,,2.05,3.0,2.7
2010,75,4,30725,2010-09-18 17:00:00,울산HDFC,전남드래,HOME,0,,1.65,3.25,3.6
2010,75,4,30725,2010-09-18 17:00:00,울산HDFC,전남드래,HOME,1,,1.58,3.35,3.85
2010,75,7,30728,2010-09-18 19:00:00,대구FC,인천유나,AWAY,0,,3.05,2.95,1.9
2010,75,7,30728,2010-09-18 19:00:00,대구FC,인천유나,AWAY,1,,3.2,3.0,1.83
2010,75,9,30692,2010-09-18 20:45:00,스토크C,웨스트햄,DRAW,0,,1.77,3.1,3.3
2010,75,9,30692,2010-09-18 20:45:00,스토크C,웨스트햄,DRAW,1,,1.7,3.15,3.5
2010,75,10,30696,2010-09-18 23:00:00,A빌라,볼턴,DRAW,0,,1.52,3.35,4.3
2010,75,10,30696,2010-09-18 23:00:00,A빌라,볼턴,DRAW,1,,1.47,3.4,4.6
2010,75,12,30694,2010-09-18 23:00:00,에버턴,뉴캐슬U,AWAY,0,,1.6,3.2,3.95
2010,75,12,30694,2010-09-18 23:00:00,에버턴,뉴캐슬U,AWAY,1,,1.52,3.3,4.4
2010,75,18,30700,2010-09-19 01:30:00,선덜랜드,아스널,DRAW,0,,4.1,3.3,1.55
2010,75,18,30700,2010-09-19 01:30:00,선덜랜드,아스널,DRAW,1,,4.5,3.4,1.48
2010,75,37,30730,2010-09-19 15:00:00,대전하나,김천상무,HOME,0,,1.8,3.1,3.2
2010,75,37,30730,2010-09-19 15:00:00,대전하나,김천상무,HOME,1,,1.67,3.15,3.65
2010,75,40,30690,2010-09-19 22:00:00,체세나,US레체,HOME,0,,1.77,3.0,3.4
2010,75,40,30690,2010-09-19 22:00:00,체세나,US레체,HOME,1,,1.7,3.1,3.6
2010,75,41,30686,2010-09-19 22:00:00,키에보,브레시아,AWAY,0,,1.65,3.1,3.8
2010,75,41,30686,2010-09-19 22:00:00,키에보,브레시아,AWAY,1,,1.58,3.2,4.1
2010,75,52,30691,2010-09-20 03:45:00,삼프도리,나폴리,AWAY,0,,1.9,3.0,3.0
2010,75,52,30691,2010-09-20 03:45:00,삼프도리,나폴리,AWAY,1,,1.82,3.05,3.2
2010,76,7,31149,2010-09-23 02:15:00,S알샤바,전북현대,AWAY,0,,2.1,3.05,2.6
2010,76,7,31149,2010-09-23 02:15:00,S알샤바,전북현대,AWAY,1,,2.0,3.15,2.7
2010,76,10,31152,2010-09-23 03:00:00,알메리아,레반테,AWAY,0,,1.63,3.25,3.7
2010,76,10,31152,2010-09-23 03:00:00,알메리아,레반테,AWAY,1,,1.58,3.35,3.85
2010,76,13,31155,2010-09-23 03:45:00,칼리아리,삼프도리,DRAW,0,,2.15,2.95,2.6
2010,76,13,31155,2010-09-23 03:45:00,칼리아리,삼프도리,DRAW,1,,2.05,3.0,2.7
2010,76,17,31159,2010-09-23 03:45:00,라치오,AC밀란,DRAW,0,,2.65,2.95,2.1
2010,76,17,31159,2010-09-23 03:45:00,라치오,AC밀란,DRAW,1,,2.8,3.0,2.0
2010,77,4,31171,2010-09-25 19:00:00,전남드래,FC서울,DRAW,0,,4.4,3.35,1.5
2010,77,4,31171,2010-09-25 19:00:00,전남드래,FC서울,DRAW,1,,4.7,3.45,1.45
2010,77,6,30850,2010-09-25 20:45:00,맨체스C,첼시,HOME,0,,2.85,3.05,1.95
2010,77,6,30850,2010-09-25 20:45:00,맨체스C,첼시,HOME,1,,3.05,3.05,1.87
2010,77,19,31174,2010-09-26 03:45:00,AS로마,인테르,HOME,0,,2.9,3.0,1.95
2010,77,19,31174,2010-09-26 03:45:00,AS로마,인테르,HOME,1,,3.1,3.0,1.87
2010,77,34,31176,2010-09-26 15:00:00,제주SKFC,포항스틸,DRAW,0,,1.6,3.4,3.7
2010,77,34,31176,2010-09-26 15:00:00,제주SKFC,포항스틸,DRAW,1,,1.55,3.45,3.9
2010,77,38,30846,2010-09-26 20:00:00,볼턴,맨체스U,DRAW,0,,5.8,3.6,1.35
2010,77,38,30846,2010-09-26 20:00:00,볼턴,맨체스U,DRAW,1,,6.5,3.75,1.3
2010,77,49,31315,2010-09-27 00:00:00,마요르카,소시에다,HOME,0,,1.7,3.2,3.45
2010,77,49,31315,2010-09-27 00:00:00,마요르카,소시에다,HOME,1,,1.63,3.3,3.65
2010,78,8,31372,2010-09-30 03:45:00,인테르,브레멘,HOME,0,,1.5,3.35,4.4
2010,78,8,31372,2010-09-30 03:45:00,인테르,브레멘,HOME,1,,1.42,3.4,5.2
2010,78,11,31375,2010-09-30 03:45:00,발렌시아,맨체스U,AWAY,0,,2.6,2.95,2.15
2010,78,11,31375,2010-09-30 03:45:00,발렌시아,맨체스U,AWAY,1,,2.45,2.95,2.25
2010,78,12,31376,2010-09-30 03:45:00,레인저FC,부르사스,HOME,0,,1.83,3.1,3.1
2010,78,12,31376,2010-09-30 03:45:00,레인저FC,부르사스,HOME,1,,1.75,3.15,3.3
2010,79,49,31477,2010-10-04 00:00:00,첼시,아스널,HOME,0,,1.62,3.25,3.75
2010,79,49,31477,2010-10-04 00:00:00,첼시,아스널,HOME,1,,1.55,3.3,4.1
2010,80,1,31832,2010-10-06 22:30:00,조브아한,알힐랄,HOME,0,,2.05,3.05,2.65
2010,80,1,31832,2010-10-06 22:30:00,조브아한,알힐랄,HOME,1,,2.0,3.05,2.75
2010,81,2,31895,2010-10-09 15:30:00,뉴질랜드,온두라스,DRAW,0,,1.9,3.0,3.0
2010,81,2,31895,2010-10-09 15:30:00,뉴질랜드,온두라스,DRAW,1,,1.8,3.1,3.2
2010,81,3,31897,2010-10-09 17:00:00,울산HDFC,전북현대,AWAY,0,,2.05,3.0,2.7
2010,81,3,31897,2010-10-09 17:00:00,울산HDFC,전북현대,AWAY,1,,1.95,3.05,2.85
2010,81,6,31901,2010-10-09 19:00:00,인천유나,대전하나,DRAW,0,,1.5,3.35,4.4
2010,81,6,31901,2010-10-09 19:00:00,인천유나,대전하나,DRAW,1,,1.45,3.4,4.8
2010,81,7,31899,2010-10-09 19:00:00,FC서울,경남FC,HOME,0,,1.62,3.3,3.7
2010,81,7,31899,2010-10-09 19:00:00,FC서울,경남FC,HOME,1,,1.55,3.4,4.0
2010,81,9,31902,2010-10-09 19:30:00,수원삼성,전남드래,HOME,0,,1.45,3.45,4.7
2010,81,9,31902,2010-10-09 19:30:00,수원삼성,전남드래,HOME,1,,1.4,3.55,5.1
2010,81,11,31905,2010-10-10 04:05:00,이스라엘,크로아티,AWAY,0,,2.8,3.0,2.0
2010,81,11,31905,2010-10-10 04:05:00,이스라엘,크로아티,AWAY,1,,2.95,3.1,1.9
2010,81,12,31906,2010-10-10 09:00:00,미국,폴란드,DRAW,0,,1.52,3.35,4.3
2010,81,12,31906,2010-10-10 09:00:00,미국,폴란드,DRAW,1,,1.47,3.45,4.5
2010,82,1,31910,2010-10-12 20:00:00,한국,일본,DRAW,0,,2.05,2.95,2.75
2010,82,1,31910,2010-10-12 20:00:00,한국,일본,DRAW,1,,2.15,2.95,2.6
2010,82,10,31926,2010-10-13 03:30:00,북마케도,러시아,AWAY,0,,3.6,3.15,1.68
2010,82,10,31926,2010-10-13 03:30:00,북마케도,러시아,AWAY,1,,3.9,3.25,1.6
2010,83,3,31945,2010-10-16 15:00:00,김천상무,대구FC,AWAY,0,,2.6,2.95,2.15
2010,83,3,31945,2010-10-16 15:00:00,김천상무,대구FC,AWAY,1,,2.4,2.95,2.3
2010,83,9,31947,2010-10-16 19:00:00,전남드래,인천유나,DRAW,0,,1.95,3.0,2.9
2010,83,9,31947,2010-10-16 19:00:00,전남드래,인천유나,DRAW,1,,1.95,2.85,3.05
2010,83,28,32107,2010-10-17 22:00:00,브레시아,우디네세,AWAY,0,,2.15,2.8,2.7
2010,83,28,32107,2010-10-17 22:00:00,브레시아,우디네세,AWAY,1,,2.05,2.85,2.85
2010,83,38,32120,2010-10-18 00:00:00,마요르카,에스파뇰,AWAY,0,,1.6,3.25,3.9
2010,83,38,32120,2010-10-18 00:00:00,마요르카,에스파뇰,AWAY,1,,1.55,3.3,4.1
2010,84,4,32176,2010-10-21 02:00:00,알힐랄,조브아한,AWAY,0,,1.48,3.4,4.5
2010,84,4,32176,2010-10-21 02:00:00,알힐랄,조브아한,AWAY,1,,1.43,3.45,5.0
2010,84,5,32177,2010-10-21 03:45:00,인테르,토트넘,HOME,0,,1.53,3.35,4.2
2010,84,5,32177,2010-10-21 03:45:00,인테르,토트넘,HOME,1,,1.48,3.4,4.5
2010,84,8,32180,2010-10-21 03:45:00,리옹,SL벤피카,HOME,0,,1.85,3.05,3.1
2010,84,8,32180,2010-10-21 03:45:00,리옹,SL벤피카,HOME,1,,1.8,3.1,3.2
2010,84,31,32196,2010-10-22 04:05:00,잘츠부르,유벤투스,DRAW,0,,3.5,3.15,1.7
2010,84,31,32196,2010-10-22 04:05:00,잘츠부르,유벤투스,DRAW,1,,3.6,3.25,1.65
2010,84,37,32202,2010-10-22 04:05:00,D자그레,클뤼브뤼,DRAW,0,,1.8,3.1,3.2
2010,84,37,32202,2010-10-22 04:05:00,D자그레,클뤼브뤼,DRAW,1,,1.75,3.15,3.3
2010,86,1,32326,2010-10-27 19:00:00,제주SKFC,FC서울,DRAW,0,,2.55,3.1,2.1
2010,86,1,32326,2010-10-27 19:00:00,제주SKFC,FC서울,DRAW,1,,2.75,3.15,1.97
2010,86,4,32322,2010-10-27 19:00:00,부산아이,수원삼성,AWAY,0,,3.1,3.05,1.85
2010,86,4,32322,2010-10-27 19:00:00,부산아이,수원삼성,AWAY,1,,3.3,3.15,1.75
2010,86,9,32327,2010-10-27 19:30:00,강원FC,김천상무,HOME,0,,1.65,3.25,3.6
2010,86,9,32327,2010-10-27 19:30:00,강원FC,김천상무,HOME,1,,1.58,3.35,3.85
2010,86,10,32346,2010-10-28 03:45:00,뉴캐슬U,아스널,AWAY,0,,3.5,3.15,1.7
2010,86,10,32346,2010-10-28 03:45:00,뉴캐슬U,아스널,AWAY,1,,3.7,3.2,1.65
2010,86,12,32344,2010-10-28 04:00:00,에르쿨레,말라가,DRAW,0,,2.0,3.0,2.8
2010,86,12,32344,2010-10-28 04:00:00,에르쿨레,말라가,DRAW,1,,1.9,3.05,2.95
2010,86,13,32345,2010-10-28 04:00:00,마요르카,S히혼,HOME,0,,1.55,3.2,4.3
2010,86,13,32345,2010-10-28 04:00:00,마요르카,S히혼,HOME,1,,1.48,3.3,4.7
2010,87,8,32403,2010-10-30 23:00:00,블랙번,첼시,AWAY,0,,5.7,3.65,1.35
2010,87,8,32403,2010-10-30 23:00:00,블랙번,첼시,AWAY,1,,6.2,3.85,1.3
2010,87,11,32406,2010-10-30 23:00:00,울버햄튼,맨체스C,HOME,0,,4.1,3.25,1.57
2010,87,11,32406,2010-10-30 23:00:00,울버햄튼,맨체스C,HOME,1,,4.3,3.35,1.52
2010,87,45,32429,2010-11-01 01:00:00,볼턴,리버풀,AWAY,0,,2.8,2.9,2.05
2010,87,45,32429,2010-11-01 01:00:00,볼턴,리버풀,AWAY,1,,2.95,2.9,1.98
2010,88,4,32512,2010-11-03 19:00:00,울산HDFC,대구FC,HOME,0,,1.28,4.0,6.3
2010,88,4,32512,2010-11-03 19:00:00,울산HDFC,대구FC,HOME,1,,1.23,4.3,6.9
2010,88,6,32514,2010-11-03 19:00:00,김천상무,전남드래,AWAY,0,,3.5,3.15,1.7
2010,88,6,32514,2010-11-03 19:00:00,김천상무,전남드래,AWAY,1,,3.7,3.25,1.63
2010,88,8,32516,2010-11-03 19:30:00,성남FC,FC서울,AWAY,0,,2.45,2.95,2.25
2010,88,8,32516,2010-11-03 19:30:00,성남FC,FC서울,AWAY,1,,2.6,2.95,2.15
2010,88,15,32523,2010-11-04 04:45:00,AC밀란,레알마드,DRAW,0,,2.9,3.0,1.95
2010,88,15,32523,2010-11-04 04:45:00,AC밀란,레알마드,DRAW,1,,3.1,3.0,1.87
2010,88,17,32525,2010-11-04 04:45:00,SH도네츠,아스널,HOME,0,,2.7,3.0,2.05
2010,88,17,32525,2010-11-04 04:45:00,SH도네츠,아스널,HOME,1,,2.85,3.05,1.95
2010,88,37,32531,2010-11-05 03:00:00,KAA헨트,스포르CP,HOME,0,,2.55,3.0,2.15
2010,88,37,32531,2010-11-05 03:00:00,KAA헨트,스포르CP,HOME,1,,2.7,3.0,2.05
2010,88,43,32542,2010-11-05 03:00:00,C모스크,팔레르모,HOME,0,,1.55,3.3,4.1
2010,88,43,32542,2010-11-05 03:00:00,C모스크,팔레르모,HOME,1,,1.5,3.35,4.4
2010,88,55,32535,2010-11-05 05:05:00,포르투,베식타시,DRAW,0,,1.45,3.45,4.7
2010,88,55,32535,2010-11-05 05:05:00,포르투,베식타시,DRAW,1,,1.4,3.5,5.2
2010,89,4,32572,2010-11-06 21:45:00,볼턴,토트넘,HOME,0,,2.75,2.95,2.05
2010,89,4,32572,2010-11-06 21:45:00,볼턴,토트넘,HOME,1,,2.95,2.95,1.95
2010,89,14,32583,2010-11-07 06:00:00,에스파뇰,말라가,HOME,0,,1.6,3.3,3.8
2010,89,14,32583,2010-11-07 06:00:00,에스파뇰,말라가,HOME,1,,1.55,3.4,4.0
2010,89,25,32638,2010-11-07 15:00:00,강원FC,포항스틸,HOME,0,,3.05,3.1,1.85
2010,89,25,32638,2010-11-07 15:00:00,강원FC,포항스틸,HOME,1,,2.85,3.15,1.92
2010,89,26,32639,2010-11-07 15:00:00,전남드래,대구FC,HOME,0,,1.7,3.35,3.3
2010,89,26,32639,2010-11-07 15:00:00,전남드래,대구FC,HOME,1,,1.8,3.4,2.95
2010,89,30,32643,2010-11-07 15:00:00,김천상무,울산HDFC,AWAY,0,,5.4,3.45,1.4
2010,89,30,32643,2010-11-07 15:00:00,김천상무,울산HDFC,AWAY,1,,5.95,3.55,1.35
2010,89,31,32644,2010-11-07 15:00:00,제주SKFC,인천유나,DRAW,0,,1.35,3.75,5.5
2010,89,31,32644,2010-11-07 15:00:00,제주SKFC,인천유나,DRAW,1,,1.3,3.85,6.2
2010,89,38,32595,2010-11-07 23:00:00,FC 바리,AC밀란,AWAY,0,,3.15,3.0,1.85
2010,89,38,32595,2010-11-07 23:00:00,FC 바리,AC밀란,AWAY,1,,3.25,3.05,1.8
2010,89,40,32596,2010-11-07 23:00:00,라치오,AS로마,AWAY,0,,2.2,2.85,2.6
2010,89,40,32596,2010-11-07 23:00:00,라치오,AS로마,AWAY,1,,2.1,2.85,2.75
2010,90,6,32739,2010-11-10 20:00:00,이란,바레인,HOME,0,,1.6,3.25,3.9
2010,90,6,32739,2010-11-10 20:00:00,이란,바레인,HOME,1,,1.55,3.3,4.1
2010,90,10,32753,2010-11-11 04:45:00,체세나,라치오,HOME,0,,3.25,3.05,1.8
2010,90,10,32753,2010-11-11 04:45:00,체세나,라치오,HOME,1,,3.5,3.15,1.7
2010,90,18,32745,2010-11-11 04:45:00,뉴캐슬U,블랙번,AWAY,0,,1.8,3.1,3.2
2010,90,18,32745,2010-11-11 04:45:00,뉴캐슬U,블랙번,AWAY,1,,1.7,3.15,3.5
2010,90,20,32747,2010-11-11 04:45:00,위건,리버풀,DRAW,0,,3.7,3.2,1.65
2010,90,20,32747,2010-11-11 04:45:00,위건,리버풀,DRAW,1,,3.9,3.25,1.6
2010,91,5,32882,2010-11-13 20:00:00,바레인,투르크메,DRAW,0,,1.5,3.4,4.4
2010,91,5,32882,2010-11-13 20:00:00,바레인,투르크메,DRAW,1,,1.58,3.35,3.85
2010,91,29,32808,2010-11-14 23:00:00,에버턴,아스널,AWAY,0,,2.75,2.95,2.05
2010,91,29,32808,2010-11-14 23:00:00,에버턴,아스널,AWAY,1,,2.9,2.95,1.98
2010,92,5,32955,2010-11-18 01:00:00,슬로바키,보스니아,AWAY,0,,1.8,3.15,3.15
2010,92,5,32955,2010-11-18 01:00:00,슬로바키,보스니아,AWAY,1,,1.7,3.25,3.4
2010,92,7,32928,2010-11-18 02:00:00,아르헨티,브라질,HOME,0,,2.3,3.05,2.35
2010,92,7,32928,2010-11-18 02:00:00,아르헨티,브라질,HOME,1,,2.2,3.05,2.45
2010,92,9,32929,2010-11-18 02:00:00,헝가리,리투아니,HOME,0,,1.6,3.35,3.75
2010,92,9,32929,2010-11-18 02:00:00,헝가리,리투아니,HOME,1,,1.55,3.45,3.9
2010,92,12,32935,2010-11-18 04:30:00,남아공,미국,AWAY,0,,1.93,3.05,2.9
2010,92,12,32935,2010-11-18 04:30:00,남아공,미국,AWAY,1,,1.88,3.1,3.0
2010,92,15,32934,2010-11-18 04:30:00,스웨덴,독일,DRAW,0,,3.15,3.05,1.83
2010,92,15,32934,2010-11-18 04:30:00,스웨덴,독일,DRAW,1,,3.25,3.1,1.78
2010,92,19,32952,2010-11-18 04:30:00,루마니아,이탈리아,DRAW,0,,3.5,3.15,1.7
2010,92,19,32952,2010-11-18 04:30:00,루마니아,이탈리아,DRAW,1,,3.7,3.2,1.65
2010,92,21,32946,2010-11-18 04:45:00,북아일랜,모로코,DRAW,0,,2.0,3.0,2.8
2010,92,21,32946,2010-11-18 04:45:00,북아일랜,모로코,DRAW,1,,1.93,3.05,2.9
2010,93,3,32964,2010-11-21 00:00:00,버밍엄C,첼시,HOME,0,,3.7,3.2,1.65
2010,93,3,32964,2010-11-21 00:00:00,버밍엄C,첼시,HOME,1,,4.0,3.25,1.58
2010,93,9,32988,2010-11-21 02:00:00,비야레알,발렌시아,DRAW,0,,1.92,3.15,2.85
2010,93,9,32988,2010-11-21 02:00:00,비야레알,발렌시아,DRAW,1,,1.85,3.2,2.95
2010,95,1,33072,2010-11-27 21:45:00,A빌라,아스널,AWAY,0,,2.85,3.0,1.98
2010,95,1,33072,2010-11-27 21:45:00,A빌라,아스널,AWAY,1,,2.95,3.0,1.92
2010,95,6,33073,2010-11-28 00:00:00,스토크C,맨체스C,DRAW,0,,2.9,3.0,1.95
2010,95,6,33073,2010-11-28 00:00:00,스토크C,맨체스C,DRAW,1,,3.0,3.1,1.87
2010,95,8,33076,2010-11-28 00:00:00,울버햄튼,선덜랜드,HOME,0,,2.35,2.95,2.35
2010,95,8,33076,2010-11-28 00:00:00,울버햄튼,선덜랜드,HOME,1,,2.45,2.95,2.25
2010,95,9,33097,2010-11-28 02:00:00,삼프도리,AC밀란,DRAW,0,,2.95,2.9,1.98
2010,95,9,33097,2010-11-28 02:00:00,삼프도리,AC밀란,DRAW,1,,3.05,2.95,1.9
2010,95,10,33309,2010-11-28 02:00:00,사라고사,비야레알,AWAY,0,,2.75,3.05,2.0
2010,95,10,33309,2010-11-28 02:00:00,사라고사,비야레알,AWAY,1,,2.9,3.05,1.93
2010,95,27,33080,2010-11-28 22:30:00,뉴캐슬U,첼시,DRAW,0,,3.75,3.15,1.65
2010,95,27,33080,2010-11-28 22:30:00,뉴캐슬U,첼시,DRAW,1,,3.9,3.25,1.6
2010,95,37,33367,2010-11-29 01:00:00,마요르카,말라가,HOME,0,,1.55,3.3,4.1
2010,95,37,33367,2010-11-29 01:00:00,마요르카,말라가,HOME,1,,1.5,3.4,4.4
2010,95,39,33310,2010-11-29 03:00:00,빌바오,오사수나,HOME,0,,1.55,3.3,4.1
2010,95,39,33310,2010-11-29 03:00:00,빌바오,오사수나,HOME,1,,1.5,3.4,4.4
2010,96,3,33448,2010-12-01 19:00:00,제주SKFC,FC서울,DRAW,0,,2.35,2.95,2.35
2010,96,3,33448,2010-12-01 19:00:00,제주SKFC,FC서울,DRAW,1,,2.45,2.95,2.25
2010,96,4,33446,2010-12-02 03:00:00,제니트,안더레흐,HOME,0,,1.7,3.25,3.4
2010,96,4,33446,2010-12-02 03:00:00,제니트,안더레흐,HOME,1,,1.65,3.3,3.55
2010,96,6,33449,2010-12-02 03:30:00,영보이스,슈투트가,HOME,0,,1.9,3.05,2.95
2010,96,6,33449,2010-12-02 03:30:00,영보이스,슈투트가,HOME,1,,1.8,3.15,3.15
2010,96,15,33458,2010-12-02 05:05:00,스포르CP,릴OSC,HOME,0,,2.1,2.95,2.65
2010,96,15,33458,2010-12-02 05:05:00,스포르CP,릴OSC,HOME,1,,2.0,3.0,2.8
2010,96,16,33459,2010-12-02 05:05:00,KAA헨트,렙스키,HOME,0,,1.72,3.25,3.3
2010,96,16,33459,2010-12-02 05:05:00,KAA헨트,렙스키,HOME,1,,1.65,3.3,3.55
2010,97,5,33382,2010-12-05 00:00:00,버밍엄C,토트넘,DRAW,0,,2.85,2.95,2.0
2010,97,5,33382,2010-12-05 00:00:00,버밍엄C,토트넘,DRAW,1,,3.0,3.0,1.9
2010,97,6,33384,2010-12-05 00:00:00,블랙번,울버햄튼,HOME,0,,1.62,3.1,4.0
2010,97,6,33384,2010-12-05 00:00:00,블랙번,울버햄튼,HOME,1,,1.55,3.15,4.4
2010,97,11,33391,2010-12-05 02:00:00,레반테,AT마드,HOME,0,,3.45,3.2,1.7
2010,97,11,33391,2010-12-05 02:00:00,레반테,AT마드,HOME,1,,3.7,3.3,1.62
2010,97,22,33505,2010-12-05 14:00:00,FC서울,제주SKFC,HOME,0,,1.63,3.1,3.95
2010,97,22,33505,2010-12-05 14:00:00,FC서울,제주SKFC,HOME,1,,1.55,3.15,4.4
2010,97,35,33398,2010-12-06 03:00:00,비야레알,세비야,HOME,0,,1.7,3.2,3.45
2010,97,35,33398,2010-12-06 03:00:00,비야레알,세비야,HOME,1,,1.62,3.3,3.7
2010,98,14,33514,2010-12-09 04:45:00,AC밀란,아약스,AWAY,0,,1.75,3.15,3.3
2010,98,14,33514,2010-12-09 04:45:00,AC밀란,아약스,AWAY,1,,1.7,3.2,3.45
2010,99,9,33775,2010-12-12 01:00:00,U알와흐,성남FC,AWAY,0,,2.95,3.05,1.9
2010,99,9,33775,2010-12-12 01:00:00,U알와흐,성남FC,AWAY,1,,3.15,3.15,1.8
2010,99,13,33551,2010-12-12 02:30:00,뉴캐슬U,리버풀,HOME,0,,3.15,3.1,1.82
2010,99,13,33551,2010-12-12 02:30:00,뉴캐슬U,리버풀,HOME,1,,3.3,3.15,1.75
2010,99,15,33539,2010-12-12 04:45:00,제노아,나폴리,AWAY,0,,2.0,2.95,2.85
2010,99,15,33539,2010-12-12 04:45:00,제노아,나폴리,AWAY,1,,1.9,3.0,3.0
2010,99,29,33542,2010-12-12 23:00:00,브레시아,삼프도리,HOME,0,,2.65,2.85,2.15
2010,99,29,33542,2010-12-12 23:00:00,브레시아,삼프도리,HOME,1,,2.95,2.85,2.0
2010,99,35,33669,2010-12-13 01:00:00,에르쿨레,말라가,HOME,0,,1.9,3.15,2.9
2010,99,35,33669,2010-12-13 01:00:00,에르쿨레,말라가,HOME,1,,1.82,3.2,3.05
2010,100,5,33684,2010-12-16 03:00:00,D자그레,PAOK,AWAY,0,,1.8,3.1,3.2
2010,100,5,33684,2010-12-16 03:00:00,D자그레,PAOK,AWAY,1,,1.73,3.15,3.4
2010,100,10,33688,2010-12-16 05:05:00,카르파티,PSG,DRAW,0,,3.2,3.15,1.78
2010,100,10,33688,2010-12-16 05:05:00,카르파티,PSG,DRAW,1,,3.35,3.2,1.73
2010,101,14,33715,2010-12-19 02:00:00,데포라코,S히혼,DRAW,0,,1.63,3.15,3.85
2010,101,14,33715,2010-12-19 02:00:00,데포라코,S히혼,DRAW,1,,1.58,3.2,4.1
2010,101,28,33726,2010-12-19 20:30:00,라치오,우디네세,HOME,0,,1.67,3.1,3.7
2010,101,28,33726,2010-12-19 20:30:00,라치오,우디네세,HOME,1,,1.62,3.15,3.9
2010,101,31,33729,2010-12-19 23:00:00,FC 바리,팔레르모,DRAW,0,,2.75,2.95,2.05
2010,101,31,33729,2010-12-19 23:00:00,FC 바리,팔레르모,DRAW,1,,2.9,3.0,1.95
2010,101,38,33720,2010-12-20 01:00:00,오사수나,사라고사,DRAW,0,,1.7,3.15,3.5
2010,101,38,33720,2010-12-20 01:00:00,오사수나,사라고사,DRAW,1,,1.63,3.2,3.8
2010,103,13,33852,2010-12-27 00:00:00,볼턴,웨스브로,HOME,0,,1.68,3.15,3.6
2010,103,13,33852,2010-12-27 00:00:00,볼턴,웨스브로,HOME,1,,1.63,3.2,3.8
2010,103,16,33856,2010-12-27 00:00:00,뉴캐슬U,맨체스C,AWAY,0,,2.95,3.05,1.9
2010,103,16,33856,2010-12-27 00:00:00,뉴캐슬U,맨체스C,AWAY,1,,3.1,3.15,1.82
2010,103,17,33857,2010-12-27 00:00:00,울버햄튼,위건,AWAY,0,,1.78,3.05,3.3
2010,103,17,33857,2010-12-27 00:00:00,울버햄튼,위건,AWAY,1,,1.73,3.1,3.45
2010,103,18,33859,2010-12-27 02:30:00,A빌라,토트넘,AWAY,0,,2.6,2.95,2.15
2010,103,18,33859,2010-12-27 02:30:00,A빌라,토트넘,AWAY,1,,2.75,2.95,2.05
2010,104,19,34000,2010-12-30 18:50:00,시리아,한국,AWAY,0,,3.7,3.0,1.7
2010,104,19,34000,2010-12-30 18:50:00,시리아,한국,AWAY,1,,4.0,3.1,1.62
